Country,Code,Period,Year,GDP Per Person,Annual Average Working Hours Adjusted Composite Series,Real GDP of England at market prices,Population (England),GDP per hour per person,Real GDP (Â£B),Region,Real GDP of England at market prices (20-year moving average),GDP Per Person (20-year moving average),"Population (England, 20-year moving average)",GDP per hour per person (20-year moving average),Year (20-year moving average)
United Kingdom,GBR,1200s,1270,806,2342.16,3518000000.0,4365000,0.34,3.5,Europe,,,,,
United Kingdom,GBR,1300s,1271,796,2340.68,3481000000.0,4372000,0.34,3.5,Europe,,,,,
United Kingdom,GBR,1400s,1272,825,2339.24,3612000000.0,4379000,0.35,3.6,Europe,,,,,
United Kingdom,GBR,1500s,1273,777,2337.86,3407000000.0,4385000,0.33,3.4,Europe,,,,,
United Kingdom,GBR,1600s,1274,773,2336.53,3394000000.0,4392000,0.33,3.4,Europe,,,,,
United Kingdom,GBR,1700s,1275,882,2335.25,3880000000.0,4399000,0.38,3.9,Europe,,,,,
United Kingdom,GBR,1800 to 1825,1276,775,2334.02,3414000000.0,4406000,0.33,3.4,Europe,,,,,
United Kingdom,GBR,1825 to 1850,1277,826,2332.85,3646000000.0,4413000,0.35,3.6,Europe,,,,,
United Kingdom,GBR,1850 to 1875,1278,855,2331.72,3780000000.0,4420000,0.37,3.8,Europe,,,,,
United Kingdom,GBR,1875 to 1900,1279,709,2330.65,3137000000.0,4427000,0.30,3.1,Europe,,,,,
United Kingdom,GBR,1900 to 1925,1280,715,2317.8,3187000000.0,4455000,0.31,3.2,Europe,,,,,
United Kingdom,GBR,1925 to 1950,1281,756,2317.55,3390000000.0,4484000,0.33,3.4,Europe,,,,,
United Kingdom,GBR,1950 to 1975,1282,729,2318.06,3290000000.0,4513000,0.31,3.3,Europe,,,,,
United Kingdom,GBR,1975 to 2000,1283,689,2319.34,3130000000.0,4542000,0.30,3.1,Europe,,,,,
United Kingdom,GBR,2000 to 2015,1284,708,2321.38,3239000000.0,4572000,0.31,3.2,Europe,,,,,
United Kingdom,GBR,,1285,714,2324.2,3283000000.0,4601000,0.31,3.3,Europe,,,,,
United Kingdom,GBR,,1286,699,2327.78,3238000000.0,4631000,0.30,3.2,Europe,,,,,
United Kingdom,GBR,,1287,761,2332.13,3547000000.0,4661000,0.33,3.5,Europe,,,,,
United Kingdom,GBR,,1288,734,2337.25,3441000000.0,4691000,0.31,3.4,Europe,,,,,
United Kingdom,GBR,,1289,673,2343.13,3178000000.0,4721000,0.29,3.2,Europe,3409600000.0,760.1,4491450.0,0.32599999999999996,1279.5
United Kingdom,GBR,,1290,679,2369.0,3225000000.0,4751000,0.29,3.2,Europe,3394950000.0,753.75,4510750.0,0.3235,1280.5
United Kingdom,GBR,,1291,680,2375.25,3231000000.0,4749000,0.29,3.2,Europe,3382450000.0,747.95,4529600.0,0.321,1281.5
United Kingdom,GBR,,1292,717,2381.11,3403000000.0,4746000,0.30,3.4,Europe,3372000000.0,742.55,4547950.0,0.3185,1282.5
United Kingdom,GBR,,1293,734,2386.57,3483000000.0,4744000,0.31,3.5,Europe,3375800000.0,740.4,4565900.0,0.3175,1283.5
United Kingdom,GBR,,1294,729,2391.64,3457000000.0,4741000,0.30,3.5,Europe,3378950000.0,738.2,4583350.0,0.31599999999999995,1284.5
United Kingdom,GBR,,1295,781,2396.31,3702000000.0,4739000,0.33,3.7,Europe,3370050000.0,733.15,4600350.0,0.3135,1285.5
United Kingdom,GBR,,1296,813,2400.58,3850000000.0,4736000,0.34,3.9,Europe,3391850000.0,735.05,4616850.0,0.31399999999999995,1286.5
United Kingdom,GBR,,1297,778,2404.46,3683000000.0,4734000,0.32,3.7,Europe,3393700000.0,732.65,4632900.0,0.3125,1287.5
United Kingdom,GBR,,1298,819,2407.94,3874000000.0,4731000,0.34,3.9,Europe,3398400000.0,730.85,4648450.0,0.311,1288.5
United Kingdom,GBR,,1299,789,2411.02,3731000000.0,4729000,0.33,3.7,Europe,3428100000.0,734.85,4663550.0,0.3125,1289.5
United Kingdom,GBR,,1300,784,2366.85,3705000000.0,4726000,0.33,3.7,Europe,3454000000.0,738.3,4677100.0,0.3135,1290.5
United Kingdom,GBR,,1301,790,2371.98,3731000000.0,4724000,0.33,3.7,Europe,3471050000.0,740.0,4689100.0,0.3135,1291.5
United Kingdom,GBR,,1302,811,2379.55,3828000000.0,4721000,0.34,3.8,Europe,3497950000.0,744.1,4699500.0,0.315,1292.5
United Kingdom,GBR,,1303,845,2389.57,3986000000.0,4719000,0.35,4.0,Europe,3540750000.0,751.9,4708350.0,0.3175,1293.5
United Kingdom,GBR,,1304,765,2402.03,3606000000.0,4716000,0.32,3.6,Europe,3559100000.0,754.75,4715550.0,0.31799999999999995,1294.5
United Kingdom,GBR,,1305,786,2416.93,3706000000.0,4714000,0.33,3.7,Europe,3580250000.0,758.35,4721200.0,0.319,1295.5
United Kingdom,GBR,,1306,764,2434.28,3598000000.0,4711000,0.31,3.6,Europe,3598250000.0,761.6,4725200.0,0.3195,1296.5
United Kingdom,GBR,,1307,801,2454.07,3772000000.0,4709000,0.33,3.8,Europe,3609500000.0,763.6,4727600.0,0.3195,1297.5
United Kingdom,GBR,,1308,811,2476.31,3816000000.0,4706000,0.33,3.8,Europe,3628250000.0,767.45,4728350.0,0.3205,1298.5
United Kingdom,GBR,,1309,831,2500.99,3910000000.0,4704000,0.33,3.9,Europe,3664850000.0,775.35,4727500.0,0.3225,1299.5
United Kingdom,GBR,,1310,821,2648.43,3858000000.0,4702000,0.31,3.9,Europe,3696500000.0,782.45,4725050.0,0.3235,1300.5
United Kingdom,GBR,,1311,850,2670.71,3994000000.0,4699000,0.32,4.0,Europe,3734650000.0,790.95,4722550.0,0.32500000000000007,1301.5
United Kingdom,GBR,,1312,828,2688.13,3888000000.0,4697000,0.31,3.9,Europe,3758900000.0,796.5,4720100.0,0.3255,1302.5
United Kingdom,GBR,,1313,843,2700.71,3957000000.0,4694000,0.31,4.0,Europe,3782600000.0,801.95,4717600.0,0.3255,1303.5
United Kingdom,GBR,,1314,843,2708.43,3957000000.0,4692000,0.31,4.0,Europe,3807600000.0,807.65,4715150.0,0.326,1304.5
United Kingdom,GBR,,1315,758,2711.31,3556000000.0,4689000,0.28,3.6,Europe,3800300000.0,806.5,4712650.0,0.3235,1305.5
United Kingdom,GBR,,1316,725,2709.34,3356000000.0,4628000,0.27,3.4,Europe,3775600000.0,802.1,4707250.0,0.32,1306.5
United Kingdom,GBR,,1317,769,2702.52,3511000000.0,4568000,0.28,3.5,Europe,3767000000.0,801.65,4698950.0,0.318,1307.5
United Kingdom,GBR,,1318,859,2690.86,3873000000.0,4509000,0.32,3.9,Europe,3766950000.0,803.65,4687850.0,0.31700000000000006,1308.5
United Kingdom,GBR,,1319,874,2674.34,3890000000.0,4451000,0.33,3.9,Europe,3774900000.0,807.9,4673950.0,0.317,1309.5
United Kingdom,GBR,,1320,856,2602.52,3762000000.0,4393000,0.33,3.8,Europe,3777750000.0,811.5,4657300.0,0.317,1310.5
United Kingdom,GBR,,1321,734,2579.37,3181000000.0,4336000,0.28,3.2,Europe,3750250000.0,808.7,4637900.0,0.3145,1311.5
United Kingdom,GBR,,1322,782,2554.42,3347000000.0,4280000,0.31,3.3,Europe,3726200000.0,807.25,4615850.0,0.31300000000000006,1312.5
United Kingdom,GBR,,1323,822,2527.68,3472000000.0,4224000,0.33,3.5,Europe,3700500000.0,806.1,4591100.0,0.312,1313.5
United Kingdom,GBR,,1324,759,2499.15,3163000000.0,4169000,0.30,3.2,Europe,3678350000.0,805.8,4563750.0,0.31100000000000005,1314.5
United Kingdom,GBR,,1325,832,2468.83,3423000000.0,4115000,0.34,3.4,Europe,3664200000.0,808.1,4533800.0,0.3115,1315.5
United Kingdom,GBR,,1326,842,2436.72,3488000000.0,4144000,0.35,3.5,Europe,3658700000.0,812.0,4505450.0,0.3135,1316.5
United Kingdom,GBR,,1327,827,2402.82,3449000000.0,4172000,0.34,3.4,Europe,3642550000.0,813.3,4478600.0,0.31399999999999995,1317.5
United Kingdom,GBR,,1328,767,2367.12,3223000000.0,4200000,0.32,3.2,Europe,3612900000.0,811.1,4453300.0,0.3135,1318.5
United Kingdom,GBR,,1329,807,2329.64,3411000000.0,4229000,0.35,3.4,Europe,3587950000.0,809.9,4429550.0,0.31450000000000006,1319.5
United Kingdom,GBR,,1330,785,2255.95,3343000000.0,4258000,0.35,3.3,Europe,3562200000.0,808.1,4407350.0,0.3165,1320.5
United Kingdom,GBR,,1331,748,2216.97,3205000000.0,4287000,0.34,3.2,Europe,3522750000.0,803.0,4386750.0,0.3175,1321.5
United Kingdom,GBR,,1332,786,2178.28,3394000000.0,4317000,0.36,3.4,Europe,3498050000.0,800.9,4367750.0,0.32,1322.5
United Kingdom,GBR,,1333,809,2139.89,3517000000.0,4346000,0.38,3.5,Europe,3476050000.0,799.2,4350350.0,0.3235,1323.5
United Kingdom,GBR,,1334,782,2101.79,3422000000.0,4376000,0.37,3.4,Europe,3449300000.0,796.15,4334550.0,0.3265,1324.5
United Kingdom,GBR,,1335,749,2063.99,3299000000.0,4406000,0.36,3.3,Europe,3436450000.0,795.7,4320400.0,0.33049999999999996,1325.5
United Kingdom,GBR,,1336,784,2026.47,3476000000.0,4436000,0.39,3.5,Europe,3442450000.0,798.65,4310800.0,0.3365,1326.5
United Kingdom,GBR,,1337,868,1989.26,3876000000.0,4466000,0.44,3.9,Europe,3460700000.0,803.6,4305700.0,0.3445,1327.5
United Kingdom,GBR,,1338,884,1952.34,3976000000.0,4497000,0.45,4.0,Europe,3465850000.0,804.85,4305100.0,0.351,1328.5
United Kingdom,GBR,,1339,721,1915.71,3265000000.0,4528000,0.38,3.3,Europe,3434600000.0,797.2,4308950.0,0.3535,1329.5
United Kingdom,GBR,,1340,807,1877.9,3680000000.0,4559000,0.43,3.7,Europe,3430500000.0,794.75,4317250.0,0.35850000000000004,1330.5
United Kingdom,GBR,,1341,815,1841.95,3741000000.0,4590000,0.44,3.7,Europe,3458500000.0,798.8,4329950.0,0.3665,1331.5
United Kingdom,GBR,,1342,853,1806.38,3940000000.0,4621000,0.47,3.9,Europe,3488150000.0,802.35,4347000.0,0.37449999999999994,1332.5
United Kingdom,GBR,,1343,828,1771.2,3854000000.0,4653000,0.47,3.9,Europe,3507250000.0,802.65,4368450.0,0.3815,1333.5
United Kingdom,GBR,,1344,884,1736.4,4140000000.0,4685000,0.51,4.1,Europe,3556100000.0,808.9,4394250.0,0.392,1334.5
United Kingdom,GBR,,1345,822,1701.99,3879000000.0,4717000,0.48,3.9,Europe,3578900000.0,808.4,4424350.0,0.39899999999999997,1335.5
United Kingdom,GBR,,1346,781,1667.96,3709000000.0,4749000,0.47,3.7,Europe,3589950000.0,805.35,4454600.0,0.40499999999999997,1336.5
United Kingdom,GBR,,1347,811,1634.31,3877000000.0,4781000,0.50,3.9,Europe,3611350000.0,804.55,4485050.0,0.413,1337.5
United Kingdom,GBR,,1348,831,1601.05,4000000000.0,4814000,0.52,4.0,Europe,3650200000.0,807.75,4515750.0,0.42300000000000004,1338.5
United Kingdom,GBR,,1349,781,1568.17,3062000000.0,3922000,0.50,3.1,Europe,3632750000.0,806.45,4500400.0,0.43050000000000005,1339.5
United Kingdom,GBR,,1350,889,1498.73,2841000000.0,3195000,0.59,2.8,Europe,3607650000.0,811.65,4447250.0,0.44250000000000006,1340.5
United Kingdom,GBR,,1351,1027,1468.86,2674000000.0,2603000,0.70,2.7,Europe,3581100000.0,825.6,4363050.0,0.46049999999999996,1341.5
United Kingdom,GBR,,1352,1065,1441.61,2767000000.0,2599000,0.74,2.8,Europe,3549750000.0,839.55,4277150.0,0.4795,1342.5
United Kingdom,GBR,,1353,1068,1416.98,2771000000.0,2595000,0.75,2.8,Europe,3512450000.0,852.5,4189600.0,0.49800000000000005,1343.5
United Kingdom,GBR,,1354,1023,1394.97,2650000000.0,2591000,0.73,2.7,Europe,3473850000.0,864.55,4100350.0,0.516,1344.5
United Kingdom,GBR,,1355,1054,1375.59,2727000000.0,2587000,0.77,2.7,Europe,3445250000.0,879.8,4009400.0,0.5365,1345.5
United Kingdom,GBR,,1356,1040,1358.83,2686000000.0,2583000,0.77,2.7,Europe,3405750000.0,892.6,3916750.0,0.5555,1346.5
United Kingdom,GBR,,1357,1060,1344.7,2733000000.0,2579000,0.79,2.7,Europe,3348600000.0,902.2,3822400.0,0.5730000000000001,1347.5
United Kingdom,GBR,,1358,1065,1333.18,2743000000.0,2575000,0.80,2.7,Europe,3286950000.0,911.25,3726300.0,0.5904999999999999,1348.5
United Kingdom,GBR,,1359,1077,1324.29,2768000000.0,2571000,0.81,2.8,Europe,3262100000.0,929.05,3628450.0,0.612,1349.5
United Kingdom,GBR,,1360,1070,1364.25,2746000000.0,2567000,0.78,2.7,Europe,3215400000.0,942.2,3528850.0,0.6295,1350.5
United Kingdom,GBR,,1361,1032,1357.8,2645000000.0,2563000,0.76,2.6,Europe,3160600000.0,953.05,3427500.0,0.6455,1351.5
United Kingdom,GBR,,1362,1005,1351.18,2572000000.0,2559000,0.74,2.6,Europe,3092200000.0,960.65,3324400.0,0.659,1352.5
United Kingdom,GBR,,1363,976,1344.37,2493000000.0,2555000,0.73,2.5,Europe,3024150000.0,968.05,3219500.0,0.6719999999999999,1353.5
United Kingdom,GBR,,1364,1084,1337.38,2765000000.0,2551000,0.81,2.8,Europe,2955400000.0,978.05,3112800.0,0.687,1354.5
United Kingdom,GBR,,1365,1036,1330.22,2638000000.0,2547000,0.78,2.6,Europe,2893350000.0,988.75,3004300.0,0.702,1355.5
United Kingdom,GBR,,1366,1067,1322.88,2714000000.0,2543000,0.81,2.7,Europe,2843600000.0,1003.05,2894000.0,0.7190000000000001,1356.5
United Kingdom,GBR,,1367,1002,1315.35,2543000000.0,2539000,0.76,2.5,Europe,2776900000.0,1012.6,2781900.0,0.732,1357.5
United Kingdom,GBR,,1368,994,1307.65,2521000000.0,2535000,0.76,2.5,Europe,2702950000.0,1020.75,2667950.0,0.744,1358.5
United Kingdom,GBR,,1369,929,1299.77,2351000000.0,2531000,0.71,2.4,Europe,2667400000.0,1028.15,2598400.0,0.7545,1359.5
United Kingdom,GBR,,1370,1041,1260.26,2630000000.0,2527000,0.83,2.6,Europe,2656850000.0,1035.75,2565000.0,0.7665,1360.5
United Kingdom,GBR,,1371,1007,1253.93,2541000000.0,2523000,0.80,2.5,Europe,2650200000.0,1034.75,2561000.0,0.7715,1361.5
United Kingdom,GBR,,1372,911,1249.32,2295000000.0,2520000,0.73,2.3,Europe,2626600000.0,1027.05,2557050.0,0.771,1362.5
United Kingdom,GBR,,1373,986,1246.44,2481000000.0,2516000,0.79,2.5,Europe,2612100000.0,1022.95,2553100.0,0.773,1363.5
United Kingdom,GBR,,1374,907,1245.29,2278000000.0,2512000,0.73,2.3,Europe,2593500000.0,1017.15,2549150.0,0.7729999999999999,1364.5
United Kingdom,GBR,,1375,875,1245.87,2194000000.0,2508000,0.70,2.2,Europe,2566850000.0,1008.2,2545200.0,0.7695000000000001,1365.5
United Kingdom,GBR,,1376,1011,1248.17,2532000000.0,2504000,0.81,2.5,Europe,2559150000.0,1006.75,2541250.0,0.7715,1366.5
United Kingdom,GBR,,1377,1041,1252.2,2603000000.0,2500000,0.83,2.6,Europe,2552650000.0,1005.8,2537300.0,0.7735,1367.5
United Kingdom,GBR,,1378,1030,1257.96,2555000000.0,2480000,0.82,2.6,Europe,2543250000.0,1004.05,2532550.0,0.7745,1368.5
United Kingdom,GBR,,1379,946,1265.44,2327000000.0,2461000,0.75,2.3,Europe,2521200000.0,997.5,2527050.0,0.7715,1369.5
United Kingdom,GBR,,1380,989,1300.19,2414000000.0,2441000,0.76,2.4,Europe,2504600000.0,993.45,2520750.0,0.7705,1370.5
United Kingdom,GBR,,1381,1015,1309.58,2458000000.0,2422000,0.77,2.5,Europe,2495250000.0,992.6,2513700.0,0.771,1371.5
United Kingdom,GBR,,1382,1050,1319.15,2523000000.0,2403000,0.80,2.5,Europe,2492800000.0,994.85,2505900.0,0.774,1372.5
United Kingdom,GBR,,1383,1004,1328.9,2393000000.0,2384000,0.76,2.4,Europe,2487800000.0,996.25,2497350.0,0.7755,1373.5
United Kingdom,GBR,,1384,1136,1338.83,2687000000.0,2365000,0.85,2.7,Europe,2483900000.0,998.85,2488050.0,0.7775000000000001,1374.5
United Kingdom,GBR,,1385,1036,1348.94,2431000000.0,2346000,0.77,2.4,Europe,2473550000.0,998.85,2478000.0,0.777,1375.5
United Kingdom,GBR,,1386,1159,1359.22,2698000000.0,2327000,0.85,2.7,Europe,2472750000.0,1003.45,2467200.0,0.779,1376.5
United Kingdom,GBR,,1387,1168,1369.69,2698000000.0,2309000,0.85,2.7,Europe,2480500000.0,1011.75,2455700.0,0.7835,1377.5
United Kingdom,GBR,,1388,1081,1380.33,2477000000.0,2291000,0.78,2.5,Europe,2478300000.0,1016.1,2443500.0,0.7845000000000001,1378.5
United Kingdom,GBR,,1389,1120,1391.15,2546000000.0,2273000,0.81,2.5,Europe,2488050000.0,1025.65,2430600.0,0.7895,1379.5
United Kingdom,GBR,,1390,1051,1424.96,2370000000.0,2255000,0.74,2.4,Europe,2475050000.0,1026.15,2417000.0,0.7849999999999999,1380.5
United Kingdom,GBR,,1391,1179,1434.76,2637000000.0,2237000,0.82,2.6,Europe,2479850000.0,1034.75,2402700.0,0.786,1381.5
United Kingdom,GBR,,1392,1330,1443.35,2952000000.0,2219000,0.92,3.0,Europe,2512700000.0,1055.7,2387650.0,0.7955,1382.5
United Kingdom,GBR,,1393,1102,1450.75,2427000000.0,2202000,0.76,2.4,Europe,2510000000.0,1061.5,2371950.0,0.7939999999999999,1383.5
United Kingdom,GBR,,1394,1214,1456.94,2652000000.0,2184000,0.83,2.7,Europe,2528700000.0,1076.85,2355550.0,0.799,1384.5
United Kingdom,GBR,,1395,1165,1461.93,2525000000.0,2167000,0.80,2.5,Europe,2545250000.0,1091.35,2338500.0,0.8039999999999999,1385.5
United Kingdom,GBR,,1396,1175,1465.72,2527000000.0,2150000,0.80,2.5,Europe,2545000000.0,1099.55,2320800.0,0.8035,1386.5
United Kingdom,GBR,,1397,1153,1468.3,2459000000.0,2133000,0.79,2.5,Europe,2537800000.0,1105.15,2302450.0,0.8015000000000001,1387.5
United Kingdom,GBR,,1398,1238,1469.68,2619000000.0,2116000,0.84,2.6,Europe,2541000000.0,1115.55,2284250.0,0.8025,1388.5
United Kingdom,GBR,,1399,1192,1469.86,2501000000.0,2099000,0.81,2.5,Europe,2549700000.0,1127.85,2266150.0,0.8055,1389.5
United Kingdom,GBR,,1400,1162,1418.17,2419000000.0,2082000,0.82,2.4,Europe,2549950000.0,1136.5,2248200.0,0.8085000000000001,1390.5
United Kingdom,GBR,,1401,1147,1419.02,2386000000.0,2080000,0.81,2.4,Europe,2546350000.0,1143.1,2231100.0,0.8105,1391.5
United Kingdom,GBR,,1402,1178,1421.73,2448000000.0,2078000,0.83,2.4,Europe,2542600000.0,1149.5,2214850.0,0.812,1392.5
United Kingdom,GBR,,1403,1197,1426.31,2486000000.0,2076000,0.84,2.5,Europe,2547250000.0,1159.15,2199450.0,0.8160000000000001,1393.5
United Kingdom,GBR,,1404,1218,1432.76,2526000000.0,2074000,0.85,2.5,Europe,2539200000.0,1163.25,2184900.0,0.8160000000000001,1394.5
United Kingdom,GBR,,1405,1221,1441.08,2529000000.0,2072000,0.85,2.5,Europe,2544100000.0,1172.5,2171200.0,0.82,1395.5
United Kingdom,GBR,,1406,1132,1451.26,2344000000.0,2070000,0.78,2.3,Europe,2526400000.0,1171.15,2158350.0,0.8164999999999999,1396.5
United Kingdom,GBR,,1407,1134,1463.31,2345000000.0,2068000,0.77,2.3,Europe,2508750000.0,1169.45,2146300.0,0.8125,1397.5
United Kingdom,GBR,,1408,1050,1477.23,2168000000.0,2065000,0.71,2.2,Europe,2493300000.0,1167.9,2135000.0,0.8089999999999999,1398.5
United Kingdom,GBR,,1409,1087,1493.02,2242000000.0,2063000,0.73,2.2,Europe,2478100000.0,1166.25,2124500.0,0.805,1399.5
United Kingdom,GBR,,1410,1155,1571.26,2381000000.0,2061000,0.74,2.4,Europe,2478650000.0,1171.45,2114800.0,0.805,1400.5
United Kingdom,GBR,,1411,1132,1587.11,2330000000.0,2059000,0.71,2.3,Europe,2463300000.0,1169.1,2105900.0,0.7995,1401.5
United Kingdom,GBR,,1412,1106,1601.15,2275000000.0,2057000,0.69,2.3,Europe,2429450000.0,1157.9,2097800.0,0.788,1402.5
United Kingdom,GBR,,1413,1003,1613.4,2061000000.0,2055000,0.62,2.1,Europe,2411150000.0,1152.95,2090450.0,0.781,1403.5
United Kingdom,GBR,,1414,1140,1623.84,2341000000.0,2053000,0.70,2.3,Europe,2395600000.0,1149.25,2083900.0,0.7745,1404.5
United Kingdom,GBR,,1415,1167,1632.47,2393000000.0,2051000,0.71,2.4,Europe,2389000000.0,1149.35,2078100.0,0.7699999999999999,1405.5
United Kingdom,GBR,,1416,1126,1639.3,2307000000.0,2049000,0.69,2.3,Europe,2378000000.0,1146.9,2073050.0,0.7645000000000001,1406.5
United Kingdom,GBR,,1417,1232,1644.33,2520000000.0,2046000,0.75,2.5,Europe,2381050000.0,1150.85,2068700.0,0.7625,1407.5
United Kingdom,GBR,,1418,1169,1647.56,2390000000.0,2044000,0.71,2.4,Europe,2369600000.0,1147.4,2065100.0,0.756,1408.5
United Kingdom,GBR,,1419,1232,1648.98,2516000000.0,2042000,0.75,2.5,Europe,2370350000.0,1149.4,2062250.0,0.7529999999999999,1409.5
United Kingdom,GBR,,1420,1202,1630.44,2453000000.0,2040000,0.74,2.5,Europe,2372050000.0,1151.4,2060150.0,0.749,1410.5
United Kingdom,GBR,,1421,1123,1629.35,2289000000.0,2038000,0.69,2.3,Europe,2367200000.0,1150.2,2058050.0,0.743,1411.5
United Kingdom,GBR,,1422,1161,1627.56,2363000000.0,2036000,0.71,2.4,Europe,2362950000.0,1149.35,2055950.0,0.737,1412.5
United Kingdom,GBR,,1423,1225,1625.07,2492000000.0,2034000,0.75,2.5,Europe,2363250000.0,1150.75,2053850.0,0.7325,1413.5
United Kingdom,GBR,,1424,1235,1621.87,2510000000.0,2032000,0.76,2.5,Europe,2362450000.0,1151.6,2051750.0,0.728,1414.5
United Kingdom,GBR,,1425,1193,1617.96,2422000000.0,2030000,0.74,2.4,Europe,2357100000.0,1150.2,2049650.0,0.7224999999999999,1415.5
United Kingdom,GBR,,1426,1158,1613.36,2348000000.0,2028000,0.72,2.3,Europe,2357300000.0,1151.5,2047550.0,0.7194999999999999,1416.5
United Kingdom,GBR,,1427,1128,1608.05,2285000000.0,2026000,0.70,2.3,Europe,2354300000.0,1151.2,2045450.0,0.716,1417.5
United Kingdom,GBR,,1428,1060,1602.04,2144000000.0,2023000,0.66,2.1,Europe,2353100000.0,1151.7,2043350.0,0.7135,1418.5
United Kingdom,GBR,,1429,1097,1595.32,2217000000.0,2021000,0.69,2.2,Europe,2351850000.0,1152.2,2041250.0,0.7115,1419.5
United Kingdom,GBR,,1430,1129,1564.26,2280000000.0,2019000,0.72,2.3,Europe,2346800000.0,1150.9,2039150.0,0.7105,1420.5
United Kingdom,GBR,,1431,1137,1557.57,2289000000.0,2013000,0.73,2.3,Europe,2344750000.0,1151.15,2036850.0,0.7114999999999999,1421.5
United Kingdom,GBR,,1432,1126,1551.6,2259000000.0,2007000,0.73,2.3,Europe,2343950000.0,1152.15,2034350.0,0.7135,1422.5
United Kingdom,GBR,,1433,1161,1546.37,2324000000.0,2002000,0.75,2.3,Europe,2357100000.0,1160.05,2031700.0,0.72,1423.5
United Kingdom,GBR,,1434,1233,1547.68,2461000000.0,1996000,0.80,2.5,Europe,2363100000.0,1164.7,2028850.0,0.725,1424.5
United Kingdom,GBR,,1435,1097,1548.99,2184000000.0,1990000,0.71,2.2,Europe,2352650000.0,1161.2,2025800.0,0.725,1425.5
United Kingdom,GBR,,1436,1025,1550.3,2033000000.0,1984000,0.66,2.0,Europe,2338950000.0,1156.15,2022550.0,0.7234999999999999,1426.5
United Kingdom,GBR,,1437,986,1551.61,1950000000.0,1978000,0.64,2.0,Europe,2310450000.0,1143.85,2019150.0,0.718,1427.5
United Kingdom,GBR,,1438,1037,1552.92,2045000000.0,1972000,0.67,2.0,Europe,2293200000.0,1137.25,2015550.0,0.716,1428.5
United Kingdom,GBR,,1439,1085,1554.23,2134000000.0,1967000,0.70,2.1,Europe,2274100000.0,1129.9,2011800.0,0.7135,1429.5
United Kingdom,GBR,,1440,1097,1555.54,2152000000.0,1961000,0.71,2.2,Europe,2259050000.0,1124.65,2007850.0,0.712,1430.5
United Kingdom,GBR,,1441,972,1556.86,1901000000.0,1955000,0.62,1.9,Europe,2239650000.0,1117.1,2003700.0,0.7085,1431.5
United Kingdom,GBR,,1442,1009,1558.17,1967000000.0,1949000,0.65,2.0,Europe,2219850000.0,1109.5,1999350.0,0.7055,1432.5
United Kingdom,GBR,,1443,1223,1559.49,2377000000.0,1944000,0.78,2.4,Europe,2214100000.0,1109.4,1994850.0,0.707,1433.5
United Kingdom,GBR,,1444,1224,1560.81,2372000000.0,1938000,0.78,2.4,Europe,2207200000.0,1108.85,1990150.0,0.708,1434.5
United Kingdom,GBR,,1445,1058,1562.13,2044000000.0,1932000,0.68,2.0,Europe,2188300000.0,1102.1,1985250.0,0.705,1435.5
United Kingdom,GBR,,1446,1127,1563.45,2172000000.0,1927000,0.72,2.2,Europe,2179500000.0,1100.55,1980200.0,0.7050000000000001,1436.5
United Kingdom,GBR,,1447,1157,1564.77,2223000000.0,1921000,0.74,2.2,Europe,2176400000.0,1102.0,1974950.0,0.707,1437.5
United Kingdom,GBR,,1448,1198,1566.09,2295000000.0,1915000,0.77,2.3,Europe,2183950000.0,1108.9,1969550.0,0.7125,1438.5
United Kingdom,GBR,,1449,1102,1567.42,2104000000.0,1910000,0.70,2.1,Europe,2178300000.0,1109.15,1964000.0,0.713,1439.5
United Kingdom,GBR,,1450,1138,1568.74,2167000000.0,1904000,0.73,2.2,Europe,2172650000.0,1109.6,1958250.0,0.7135,1440.5
United Kingdom,GBR,,1451,1140,1570.07,2177000000.0,1910000,0.73,2.2,Europe,2167050000.0,1109.75,1953100.0,0.7135,1441.5
United Kingdom,GBR,,1452,1125,1571.39,2154000000.0,1915000,0.72,2.2,Europe,2161800000.0,1109.7,1948500.0,0.713,1442.5
United Kingdom,GBR,,1453,1134,1572.72,2178000000.0,1921000,0.72,2.2,Europe,2154500000.0,1108.35,1944450.0,0.7115,1443.5
United Kingdom,GBR,,1454,1134,1574.05,2184000000.0,1926000,0.72,2.2,Europe,2140650000.0,1103.4,1940950.0,0.7074999999999999,1444.5
United Kingdom,GBR,,1455,1125,1575.38,2173000000.0,1932000,0.71,2.2,Europe,2140100000.0,1104.8,1938050.0,0.7075,1445.5
United Kingdom,GBR,,1456,1136,1576.71,2202000000.0,1938000,0.72,2.2,Europe,2148550000.0,1110.35,1935750.0,0.7105,1446.5
United Kingdom,GBR,,1457,1039,1578.04,2019000000.0,1943000,0.66,2.0,Europe,2152000000.0,1113.0,1934000.0,0.7115,1447.5
United Kingdom,GBR,,1458,1099,1579.38,2142000000.0,1949000,0.70,2.1,Europe,2156850000.0,1116.1,1932850.0,0.713,1448.5
United Kingdom,GBR,,1459,1081,1580.71,2114000000.0,1955000,0.68,2.1,Europe,2155850000.0,1115.9,1932250.0,0.712,1449.5
United Kingdom,GBR,,1460,1081,1582.05,2119000000.0,1961000,0.68,2.1,Europe,2154200000.0,1115.1,1932250.0,0.7104999999999999,1450.5
United Kingdom,GBR,,1461,1084,1583.39,2132000000.0,1966000,0.68,2.1,Europe,2165750000.0,1120.7,1932800.0,0.7135,1451.5
United Kingdom,GBR,,1462,1185,1584.72,2336000000.0,1972000,0.75,2.3,Europe,2184200000.0,1129.5,1933950.0,0.7184999999999999,1452.5
United Kingdom,GBR,,1463,1198,1586.06,2370000000.0,1978000,0.76,2.4,Europe,2183850000.0,1128.25,1935650.0,0.7175,1453.5
United Kingdom,GBR,,1464,1092,1587.4,2166000000.0,1984000,0.69,2.2,Europe,2173550000.0,1121.65,1937950.0,0.713,1454.5
United Kingdom,GBR,,1465,1060,1588.75,2108000000.0,1989000,0.67,2.1,Europe,2176750000.0,1121.75,1940800.0,0.7125,1455.5
United Kingdom,GBR,,1466,1051,1590.09,2096000000.0,1995000,0.66,2.1,Europe,2172950000.0,1117.95,1944200.0,0.7095,1456.5
United Kingdom,GBR,,1467,1082,1591.43,2165000000.0,2001000,0.68,2.2,Europe,2170050000.0,1114.2,1948200.0,0.7065,1457.5
United Kingdom,GBR,,1468,1129,1592.78,2265000000.0,2007000,0.71,2.3,Europe,2168550000.0,1110.75,1952800.0,0.7035,1458.5
United Kingdom,GBR,,1469,1112,1594.12,2239000000.0,2013000,0.70,2.2,Europe,2175300000.0,1111.25,1957950.0,0.7035,1459.5
United Kingdom,GBR,,1470,1080,1595.47,2180000000.0,2019000,0.68,2.2,Europe,2175950000.0,1108.35,1963700.0,0.701,1460.5
United Kingdom,GBR,,1471,1031,1596.82,2088000000.0,2025000,0.65,2.1,Europe,2171500000.0,1102.9,1969450.0,0.697,1461.5
United Kingdom,GBR,,1472,1065,1598.17,2162000000.0,2031000,0.67,2.2,Europe,2171900000.0,1099.9,1975250.0,0.6945,1462.5
United Kingdom,GBR,,1473,1056,1599.52,2149000000.0,2036000,0.66,2.1,Europe,2170450000.0,1096.0,1981000.0,0.6915,1463.5
United Kingdom,GBR,,1474,1111,1600.87,2268000000.0,2042000,0.69,2.3,Europe,2174650000.0,1094.85,1986800.0,0.6900000000000001,1464.5
United Kingdom,GBR,,1475,1077,1602.22,2205000000.0,2048000,0.67,2.2,Europe,2176250000.0,1092.45,1992600.0,0.688,1465.5
United Kingdom,GBR,,1476,998,1603.58,2049000000.0,2054000,0.62,2.0,Europe,2168600000.0,1085.55,1998400.0,0.683,1466.5
United Kingdom,GBR,,1477,1043,1604.93,2148000000.0,2060000,0.65,2.1,Europe,2175050000.0,1085.75,2004250.0,0.6824999999999999,1467.5
United Kingdom,GBR,,1478,1071,1606.29,2212000000.0,2066000,0.67,2.2,Europe,2178550000.0,1084.35,2010100.0,0.681,1468.5
United Kingdom,GBR,,1479,1131,1607.65,2343000000.0,2072000,0.70,2.3,Europe,2190000000.0,1086.85,2015950.0,0.682,1469.5
United Kingdom,GBR,,1480,1162,1609.01,2415000000.0,2079000,0.72,2.4,Europe,2204800000.0,1090.9,2021850.0,0.6839999999999999,1470.5
United Kingdom,GBR,,1481,1109,1610.36,2312000000.0,2085000,0.69,2.3,Europe,2213800000.0,1092.15,2027800.0,0.6845000000000001,1471.5
United Kingdom,GBR,,1482,1059,1611.73,2215000000.0,2091000,0.66,2.2,Europe,2207750000.0,1085.85,2033750.0,0.68,1472.5
United Kingdom,GBR,,1483,1110,1613.09,2327000000.0,2097000,0.69,2.3,Europe,2205600000.0,1081.45,2039700.0,0.6765,1473.5
United Kingdom,GBR,,1484,1097,1614.45,2308000000.0,2103000,0.68,2.3,Europe,2212700000.0,1081.7,2045650.0,0.6759999999999999,1474.5
United Kingdom,GBR,,1485,1037,1615.82,2186000000.0,2109000,0.64,2.2,Europe,2216600000.0,1080.55,2051650.0,0.6745,1475.5
United Kingdom,GBR,,1486,1147,1617.18,2426000000.0,2115000,0.71,2.4,Europe,2233100000.0,1085.35,2057650.0,0.6769999999999999,1476.5
United Kingdom,GBR,,1487,1047,1618.55,2222000000.0,2122000,0.65,2.2,Europe,2235950000.0,1083.6,2063700.0,0.6755,1477.5
United Kingdom,GBR,,1488,1068,1619.92,2272000000.0,2128000,0.66,2.3,Europe,2236300000.0,1080.55,2069750.0,0.673,1478.5
United Kingdom,GBR,,1489,1090,1621.28,2327000000.0,2134000,0.67,2.3,Europe,2240700000.0,1079.45,2075800.0,0.6715,1479.5
United Kingdom,GBR,,1490,1096,1622.66,2345000000.0,2140000,0.68,2.3,Europe,2248950000.0,1080.25,2081850.0,0.6715,1480.5
United Kingdom,GBR,,1491,1104,1624.03,2369000000.0,2146000,0.68,2.4,Europe,2263000000.0,1083.9,2087900.0,0.673,1481.5
United Kingdom,GBR,,1492,1115,1625.4,2401000000.0,2153000,0.69,2.4,Europe,2274950000.0,1086.4,2094000.0,0.674,1482.5
United Kingdom,GBR,,1493,1096,1626.77,2366000000.0,2159000,0.67,2.4,Europe,2285800000.0,1088.4,2100150.0,0.6745,1483.5
United Kingdom,GBR,,1494,1146,1628.15,2482000000.0,2165000,0.70,2.5,Europe,2296500000.0,1090.15,2106300.0,0.675,1484.5
United Kingdom,GBR,,1495,1122,1629.52,2437000000.0,2172000,0.69,2.4,Europe,2308100000.0,1092.4,2112500.0,0.6759999999999999,1485.5
United Kingdom,GBR,,1496,1085,1630.9,2364000000.0,2178000,0.67,2.4,Europe,2323850000.0,1096.75,2118700.0,0.6785,1486.5
United Kingdom,GBR,,1497,1157,1632.28,2526000000.0,2184000,0.71,2.5,Europe,2342750000.0,1102.45,2124900.0,0.6815,1487.5
United Kingdom,GBR,,1498,1166,1633.66,2555000000.0,2191000,0.71,2.6,Europe,2359900000.0,1107.2,2131150.0,0.6835000000000001,1488.5
United Kingdom,GBR,,1499,1169,1635.04,2569000000.0,2197000,0.72,2.6,Europe,2371200000.0,1109.1,2137400.0,0.6845,1489.5
United Kingdom,GBR,,1500,1148,1636.42,2530000000.0,2204000,0.70,2.5,Europe,2376950000.0,1108.4,2143650.0,0.6834999999999999,1490.5
United Kingdom,GBR,,1501,1105,1637.8,2441000000.0,2210000,0.67,2.4,Europe,2383400000.0,1108.2,2149900.0,0.6825,1491.5
United Kingdom,GBR,,1502,1142,1639.19,2531000000.0,2217000,0.70,2.5,Europe,2399200000.0,1112.35,2156200.0,0.6845,1492.5
United Kingdom,GBR,,1503,1188,1640.57,2642000000.0,2223000,0.72,2.6,Europe,2414950000.0,1116.25,2162500.0,0.686,1493.5
United Kingdom,GBR,,1504,1189,1641.96,2651000000.0,2230000,0.72,2.7,Europe,2432100000.0,1120.85,2168850.0,0.688,1494.5
United Kingdom,GBR,,1505,1199,1643.35,2681000000.0,2236000,0.73,2.7,Europe,2456850000.0,1128.95,2175200.0,0.6925,1495.5
United Kingdom,GBR,,1506,1201,1644.74,2694000000.0,2243000,0.73,2.7,Europe,2470250000.0,1131.65,2181600.0,0.6935,1496.5
United Kingdom,GBR,,1507,1177,1646.13,2646000000.0,2249000,0.71,2.6,Europe,2491450000.0,1138.15,2187950.0,0.6965,1497.5
United Kingdom,GBR,,1508,1190,1647.52,2685000000.0,2256000,0.72,2.7,Europe,2512100000.0,1144.25,2194350.0,0.6995,1498.5
United Kingdom,GBR,,1509,1243,1648.91,2811000000.0,2262000,0.75,2.8,Europe,2536300000.0,1151.9,2200750.0,0.7035,1499.5
United Kingdom,GBR,,1510,1196,1650.3,2713000000.0,2269000,0.72,2.7,Europe,2554700000.0,1156.9,2207200.0,0.7055,1500.5
United Kingdom,GBR,,1511,1217,1651.7,2769000000.0,2276000,0.74,2.8,Europe,2574700000.0,1162.55,2213700.0,0.7085,1501.5
United Kingdom,GBR,,1512,1160,1653.09,2647000000.0,2282000,0.70,2.6,Europe,2587000000.0,1164.8,2220150.0,0.709,1502.5
United Kingdom,GBR,,1513,1207,1654.49,2763000000.0,2289000,0.73,2.8,Europe,2606850000.0,1170.35,2226650.0,0.712,1503.5
United Kingdom,GBR,,1514,1202,1655.89,2759000000.0,2296000,0.73,2.8,Europe,2620700000.0,1173.15,2233200.0,0.7135,1504.5
United Kingdom,GBR,,1515,1232,1657.29,2835000000.0,2302000,0.74,2.8,Europe,2640600000.0,1178.65,2239700.0,0.716,1505.5
United Kingdom,GBR,,1516,1217,1658.69,2811000000.0,2309000,0.73,2.8,Europe,2662950000.0,1185.25,2246250.0,0.719,1506.5
United Kingdom,GBR,,1517,1218,1660.09,2820000000.0,2316000,0.73,2.8,Europe,2677650000.0,1188.3,2252850.0,0.72,1507.5
United Kingdom,GBR,,1518,1221,1661.49,2836000000.0,2323000,0.73,2.8,Europe,2691700000.0,1191.05,2259450.0,0.721,1508.5
United Kingdom,GBR,,1519,1207,1662.9,2811000000.0,2329000,0.73,2.8,Europe,2703800000.0,1192.95,2266050.0,0.7215,1509.5
United Kingdom,GBR,,1520,1187,1664.3,2772000000.0,2336000,0.71,2.8,Europe,2715900000.0,1194.9,2272650.0,0.7220000000000001,1510.5
United Kingdom,GBR,,1521,1212,1665.71,2839000000.0,2343000,0.73,2.8,Europe,2735800000.0,1200.25,2279300.0,0.7249999999999999,1511.5
United Kingdom,GBR,,1522,1230,1667.12,2890000000.0,2350000,0.74,2.9,Europe,2753750000.0,1204.65,2285950.0,0.727,1512.5
United Kingdom,GBR,,1523,1249,1668.53,2965000000.0,2374000,0.75,3.0,Europe,2769900000.0,1207.7,2293500.0,0.7284999999999999,1513.5
United Kingdom,GBR,,1524,1262,1669.94,3027000000.0,2398000,0.76,3.0,Europe,2788700000.0,1211.35,2301900.0,0.7304999999999999,1514.5
United Kingdom,GBR,,1525,1250,1671.35,3028000000.0,2423000,0.75,3.0,Europe,2806050000.0,1213.9,2311250.0,0.7314999999999999,1515.5
United Kingdom,GBR,,1526,1253,1672.76,3066000000.0,2447000,0.75,3.1,Europe,2824650000.0,1216.5,2321450.0,0.7324999999999999,1516.5
United Kingdom,GBR,,1527,1159,1674.17,2864000000.0,2472000,0.69,2.9,Europe,2835550000.0,1215.6,2332600.0,0.7315,1517.5
United Kingdom,GBR,,1528,1165,1675.59,2908000000.0,2497000,0.70,2.9,Europe,2846700000.0,1214.35,2344650.0,0.7304999999999999,1518.5
United Kingdom,GBR,,1529,1177,1677.01,2970000000.0,2523000,0.70,3.0,Europe,2854650000.0,1211.05,2357700.0,0.728,1519.5
United Kingdom,GBR,,1530,1188,1678.42,3026000000.0,2548000,0.71,3.0,Europe,2870300000.0,1210.65,2371650.0,0.7275,1520.5
United Kingdom,GBR,,1531,1143,1679.84,2941000000.0,2574000,0.68,2.9,Europe,2878900000.0,1206.95,2386550.0,0.7245,1521.5
United Kingdom,GBR,,1532,1177,1681.26,3062000000.0,2601000,0.70,3.1,Europe,2899650000.0,1207.8,2402500.0,0.7244999999999999,1522.5
United Kingdom,GBR,,1533,1167,1682.68,3065000000.0,2627000,0.69,3.1,Europe,2914750000.0,1205.8,2419400.0,0.7225,1523.5
United Kingdom,GBR,,1534,1214,1684.1,3221000000.0,2654000,0.72,3.2,Europe,2937850000.0,1206.4,2437300.0,0.722,1524.5
United Kingdom,GBR,,1535,1126,1685.53,3018000000.0,2681000,0.67,3.0,Europe,2947000000.0,1201.1,2456250.0,0.7184999999999999,1525.5
United Kingdom,GBR,,1536,1108,1686.95,3001000000.0,2708000,0.66,3.0,Europe,2956500000.0,1195.65,2476200.0,0.715,1526.5
United Kingdom,GBR,,1537,1189,1701.79,3252000000.0,2736000,0.70,3.3,Europe,2978100000.0,1194.2,2497200.0,0.7135,1527.5
United Kingdom,GBR,,1538,1121,1716.75,3097000000.0,2763000,0.65,3.1,Europe,2991150000.0,1189.2,2519200.0,0.7095,1528.5
United Kingdom,GBR,,1539,1204,1731.85,3361000000.0,2792000,0.70,3.4,Europe,3018650000.0,1189.05,2542350.0,0.708,1529.5
United Kingdom,GBR,,1540,1159,1747.08,3268000000.0,2820000,0.66,3.3,Europe,3043450000.0,1187.65,2566550.0,0.7055,1530.5
United Kingdom,GBR,,1541,1122,1762.44,3175000000.0,2830000,0.64,3.2,Europe,3060250000.0,1183.15,2590900.0,0.701,1531.5
United Kingdom,GBR,,1542,1157,1777.94,3318000000.0,2868000,0.65,3.3,Europe,3081650000.0,1179.5,2616800.0,0.6965,1532.5
United Kingdom,GBR,,1543,1115,1793.57,3217000000.0,2884000,0.62,3.2,Europe,3094250000.0,1172.8,2642300.0,0.6900000000000001,1533.5
United Kingdom,GBR,,1544,1172,1809.35,3419000000.0,2916000,0.65,3.4,Europe,3113850000.0,1168.3,2668200.0,0.6845000000000001,1534.5
United Kingdom,GBR,,1545,1136,1825.26,3308000000.0,2912000,0.62,3.3,Europe,3127850000.0,1162.6,2692650.0,0.678,1535.5
United Kingdom,GBR,,1546,1153,1841.31,3353000000.0,2908000,0.63,3.4,Europe,3142200000.0,1157.6,2715700.0,0.672,1536.5
United Kingdom,GBR,,1547,1245,1857.5,3623000000.0,2910000,0.67,3.6,Europe,3180150000.0,1161.9,2737600.0,0.671,1537.5
United Kingdom,GBR,,1548,1187,1873.84,3504000000.0,2952000,0.63,3.5,Europe,3209950000.0,1163.0,2760350.0,0.6675,1538.5
United Kingdom,GBR,,1549,1135,1890.31,3382000000.0,2981000,0.60,3.4,Europe,3230550000.0,1160.9,2783250.0,0.6625,1539.5
United Kingdom,GBR,,1550,1119,1906.94,3379000000.0,3021000,0.59,3.4,Europe,3248200000.0,1157.45,2806900.0,0.6565,1540.5
United Kingdom,GBR,,1551,1085,1923.71,3326000000.0,3065000,0.56,3.3,Europe,3267450000.0,1154.55,2831450.0,0.6505,1541.5
United Kingdom,GBR,,1552,1033,1940.62,3190000000.0,3087000,0.53,3.2,Europe,3273850000.0,1147.35,2855750.0,0.642,1542.5
United Kingdom,GBR,,1553,1204,1957.69,3747000000.0,3111000,0.62,3.7,Europe,3307950000.0,1149.2,2879950.0,0.6385,1543.5
United Kingdom,GBR,,1554,1093,1974.9,3430000000.0,3138000,0.55,3.4,Europe,3318400000.0,1143.15,2904150.0,0.6300000000000001,1544.5
United Kingdom,GBR,,1555,1081,1992.27,3419000000.0,3162000,0.54,3.4,Europe,3338450000.0,1140.9,2928200.0,0.6235,1545.5
United Kingdom,GBR,,1556,876,2009.79,2813000000.0,3213000,0.44,2.8,Europe,3329050000.0,1129.3,2953450.0,0.6125,1546.5
United Kingdom,GBR,,1557,960,2027.46,3076000000.0,3205000,0.47,3.1,Europe,3320250000.0,1117.85,2976900.0,0.601,1547.5
United Kingdom,GBR,,1558,1246,2045.29,3906000000.0,3134000,0.61,3.9,Europe,3360700000.0,1124.1,2995450.0,0.599,1548.5
United Kingdom,GBR,,1559,1179,2063.28,3581000000.0,3037000,0.57,3.6,Europe,3371700000.0,1122.85,3007700.0,0.5925,1549.5
United Kingdom,GBR,,1560,1185,2081.42,3574000000.0,3015000,0.57,3.6,Europe,3387000000.0,1124.15,3017450.0,0.588,1550.5
United Kingdom,GBR,,1561,1203,2099.73,3651000000.0,3036000,0.57,3.7,Europe,3410800000.0,1128.2,3027750.0,0.5845,1551.5
United Kingdom,GBR,,1562,1192,2118.19,3658000000.0,3069000,0.56,3.7,Europe,3427800000.0,1129.95,3037800.0,0.58,1552.5
United Kingdom,GBR,,1563,1294,2136.82,4011000000.0,3100000,0.61,4.0,Europe,3467500000.0,1138.9,3048600.0,0.5795,1553.5
United Kingdom,GBR,,1564,1247,2155.61,3878000000.0,3111000,0.58,3.9,Europe,3490450000.0,1142.65,3058350.0,0.5760000000000001,1554.5
United Kingdom,GBR,,1565,1244,2174.56,3916000000.0,3149000,0.57,3.9,Europe,3520850000.0,1148.05,3070200.0,0.5734999999999999,1555.5
United Kingdom,GBR,,1566,1390,2193.69,4413000000.0,3174000,0.63,4.4,Europe,3573850000.0,1159.9,3083500.0,0.5735,1556.5
United Kingdom,GBR,,1567,1299,2212.98,4167000000.0,3208000,0.59,4.2,Europe,3601050000.0,1162.6,3098400.0,0.5694999999999999,1557.5
United Kingdom,GBR,,1568,1292,2232.44,4203000000.0,3252000,0.58,4.2,Europe,3636000000.0,1167.85,3113400.0,0.567,1558.5
United Kingdom,GBR,,1569,1282,2252.07,4198000000.0,3275000,0.57,4.2,Europe,3676800000.0,1175.2,3128100.0,0.5655,1559.5
United Kingdom,GBR,,1570,1175,2271.87,3873000000.0,3296000,0.52,3.9,Europe,3701500000.0,1178.0,3141850.0,0.562,1560.5
United Kingdom,GBR,,1571,1175,2291.85,3889000000.0,3310000,0.51,3.9,Europe,3729650000.0,1182.5,3154100.0,0.5595,1561.5
United Kingdom,GBR,,1572,1133,2312.01,3786000000.0,3341000,0.49,3.8,Europe,3759450000.0,1187.5,3166800.0,0.5575,1562.5
United Kingdom,GBR,,1573,1295,2332.34,4351000000.0,3361000,0.56,4.4,Europe,3789650000.0,1192.05,3179300.0,0.5545,1563.5
United Kingdom,GBR,,1574,1142,2352.85,3862000000.0,3381000,0.49,3.9,Europe,3811250000.0,1194.5,3191450.0,0.5515,1564.5
United Kingdom,GBR,,1575,1269,2373.54,4330000000.0,3413000,0.53,4.3,Europe,3856800000.0,1203.9,3204000.0,0.5509999999999999,1565.5
United Kingdom,GBR,,1576,1304,2394.41,4497000000.0,3448000,0.54,4.5,Europe,3941000000.0,1225.3,3215750.0,0.556,1566.5
United Kingdom,GBR,,1577,1103,2415.47,3848000000.0,3490000,0.46,3.8,Europe,3979600000.0,1232.45,3230000.0,0.5555,1567.5
United Kingdom,GBR,,1578,1254,2436.71,4424000000.0,3527000,0.51,4.4,Europe,4005500000.0,1232.85,3249650.0,0.5505,1568.5
United Kingdom,GBR,,1579,1231,2439.24,4383000000.0,3560000,0.50,4.4,Europe,4045600000.0,1235.45,3275800.0,0.5469999999999999,1569.5
United Kingdom,GBR,,1580,1161,2441.77,4181000000.0,3602000,0.48,4.2,Europe,4075950000.0,1234.25,3305150.0,0.5425,1570.5
United Kingdom,GBR,,1581,1119,2444.3,4063000000.0,3631000,0.46,4.1,Europe,4096550000.0,1230.05,3334900.0,0.537,1571.5
United Kingdom,GBR,,1582,998,2446.84,3664000000.0,3671000,0.41,3.7,Europe,4096850000.0,1220.35,3365000.0,0.5295,1572.5
United Kingdom,GBR,,1583,1123,2449.38,4181000000.0,3722000,0.46,4.2,Europe,4105350000.0,1211.8,3396100.0,0.522,1573.5
United Kingdom,GBR,,1584,1080,2451.92,4069000000.0,3768000,0.44,4.1,Europe,4114900000.0,1203.45,3428950.0,0.5149999999999999,1574.5
United Kingdom,GBR,,1585,944,2454.46,3585000000.0,3798000,0.38,3.6,Europe,4098350000.0,1188.45,3461400.0,0.5055000000000001,1575.5
United Kingdom,GBR,,1586,917,2457.01,3523000000.0,3841000,0.37,3.5,Europe,4053850000.0,1164.8,3494750.0,0.4925,1576.5
United Kingdom,GBR,,1587,1016,2459.56,3919000000.0,3859000,0.41,3.9,Europe,4041450000.0,1150.65,3527300.0,0.4835,1577.5
United Kingdom,GBR,,1588,1143,2462.11,4397000000.0,3847000,0.46,4.4,Europe,4051150000.0,1143.2,3557050.0,0.47750000000000004,1578.5
United Kingdom,GBR,,1589,997,2464.66,3874000000.0,3885000,0.40,3.9,Europe,4034950000.0,1128.95,3587550.0,0.469,1579.5
United Kingdom,GBR,,1590,1054,2467.22,4145000000.0,3934000,0.43,4.1,Europe,4048550000.0,1122.9,3619450.0,0.4645,1580.5
United Kingdom,GBR,,1591,1061,2469.78,4177000000.0,3938000,0.43,4.2,Europe,4062950000.0,1117.2,3650850.0,0.4605,1581.5
United Kingdom,GBR,,1592,1144,2472.34,4515000000.0,3945000,0.46,4.5,Europe,4099400000.0,1117.75,3681050.0,0.45899999999999996,1582.5
United Kingdom,GBR,,1593,1212,2474.91,4780000000.0,3943000,0.49,4.8,Europe,4120850000.0,1113.6,3710150.0,0.45549999999999996,1583.5
United Kingdom,GBR,,1594,984,2477.48,3914000000.0,3979000,0.40,3.9,Europe,4123450000.0,1105.7,3740050.0,0.45099999999999996,1584.5
United Kingdom,GBR,,1595,983,2480.05,3959000000.0,4028000,0.40,4.0,Europe,4104900000.0,1091.4,3770800.0,0.4445,1585.5
United Kingdom,GBR,,1596,932,2482.62,3783000000.0,4057000,0.38,3.8,Europe,4069200000.0,1072.8,3801250.0,0.43649999999999994,1586.5
United Kingdom,GBR,,1597,890,2485.2,3610000000.0,4055000,0.36,3.6,Europe,4057300000.0,1062.15,3829500.0,0.43150000000000005,1587.5
United Kingdom,GBR,,1598,1061,2487.77,4274000000.0,4029000,0.43,4.3,Europe,4049800000.0,1052.5,3854600.0,0.42750000000000005,1588.5
United Kingdom,GBR,,1599,1209,2490.36,4916000000.0,4065000,0.49,4.9,Europe,4076450000.0,1051.4,3879850.0,0.42700000000000005,1589.5
United Kingdom,GBR,,1600,1143,2492.94,4705000000.0,4115000,0.46,4.7,Europe,4102650000.0,1050.5,3905500.0,0.426,1590.5
United Kingdom,GBR,,1601,1130,2492.94,4704000000.0,4162000,0.45,4.7,Europe,4134700000.0,1051.05,3932050.0,0.4255,1591.5
United Kingdom,GBR,,1602,1184,2492.94,4960000000.0,4188000,0.48,5.0,Europe,4199500000.0,1060.35,3957900.0,0.429,1592.5
United Kingdom,GBR,,1603,1251,2492.94,5265000000.0,4209000,0.50,5.3,Europe,4253700000.0,1066.75,3982250.0,0.43099999999999994,1593.5
United Kingdom,GBR,,1604,1330,2492.94,5613000000.0,4219000,0.53,5.6,Europe,4330900000.0,1079.25,4004800.0,0.43550000000000005,1594.5
United Kingdom,GBR,,1605,1185,2492.94,5060000000.0,4270000,0.48,5.1,Europe,4404650000.0,1091.3,4028400.0,0.4405,1595.5
United Kingdom,GBR,,1606,1239,2492.94,5338000000.0,4310000,0.50,5.3,Europe,4495400000.0,1107.4,4051850.0,0.44700000000000006,1596.5
United Kingdom,GBR,,1607,1123,2492.94,4896000000.0,4361000,0.45,4.9,Europe,4544250000.0,1112.75,4076950.0,0.449,1597.5
United Kingdom,GBR,,1608,1063,2492.94,4674000000.0,4398000,0.43,4.7,Europe,4558100000.0,1108.75,4104500.0,0.44749999999999995,1598.5
United Kingdom,GBR,,1609,1226,2492.94,5436000000.0,4435000,0.49,5.4,Europe,4636200000.0,1120.2,4132000.0,0.45200000000000007,1599.5
United Kingdom,GBR,,1610,1298,2492.94,5774000000.0,4449000,0.52,5.8,Europe,4717650000.0,1132.4,4157750.0,0.45649999999999996,1600.5
United Kingdom,GBR,,1611,1188,2492.94,5318000000.0,4476000,0.48,5.3,Europe,4774700000.0,1138.75,4184650.0,0.45899999999999996,1601.5
United Kingdom,GBR,,1612,1133,2492.94,5096000000.0,4498000,0.45,5.1,Europe,4803750000.0,1138.2,4212300.0,0.4585,1602.5
United Kingdom,GBR,,1613,1091,2492.94,4927000000.0,4518000,0.44,4.9,Europe,4811100000.0,1132.15,4241050.0,0.45600000000000007,1603.5
United Kingdom,GBR,,1614,1052,2492.94,4752000000.0,4518000,0.42,4.8,Europe,4853000000.0,1135.55,4268000.0,0.457,1604.5
United Kingdom,GBR,,1615,1137,2492.94,5176000000.0,4553000,0.46,5.2,Europe,4913850000.0,1143.25,4294250.0,0.45999999999999996,1605.5
United Kingdom,GBR,,1616,1073,2492.94,4901000000.0,4568000,0.43,4.9,Europe,4969750000.0,1150.3,4319800.0,0.4625,1606.5
United Kingdom,GBR,,1617,1183,2492.94,5411000000.0,4574000,0.47,5.4,Europe,5059800000.0,1164.95,4345750.0,0.46799999999999997,1607.5
United Kingdom,GBR,,1618,1176,2492.94,5415000000.0,4603000,0.47,5.4,Europe,5116850000.0,1170.7,4374450.0,0.47000000000000003,1608.5
United Kingdom,GBR,,1619,1073,2492.94,4985000000.0,4646000,0.43,5.0,Europe,5120300000.0,1163.9,4403500.0,0.46699999999999997,1609.5
United Kingdom,GBR,,1620,1246,2492.94,5841000000.0,4689000,0.50,5.8,Europe,5177100000.0,1169.05,4432200.0,0.46900000000000003,1610.5
United Kingdom,GBR,,1621,1239,2492.94,5879000000.0,4745000,0.50,5.9,Europe,5235850000.0,1174.5,4461350.0,0.4715,1611.5
United Kingdom,GBR,,1622,1069,2492.94,5163000000.0,4829000,0.43,5.2,Europe,5246000000.0,1168.75,4493400.0,0.46900000000000003,1612.5
United Kingdom,GBR,,1623,1060,2492.94,5152000000.0,4859000,0.43,5.2,Europe,5240350000.0,1159.2,4525900.0,0.4655,1613.5
United Kingdom,GBR,,1624,1204,2492.94,5817000000.0,4830000,0.48,5.8,Europe,5250550000.0,1152.9,4556450.0,0.46299999999999997,1614.5
United Kingdom,GBR,,1625,1216,2492.94,5864000000.0,4822000,0.49,5.9,Europe,5290750000.0,1154.45,4584050.0,0.46349999999999997,1615.5
United Kingdom,GBR,,1626,1170,2492.94,5572000000.0,4762000,0.47,5.6,Europe,5302450000.0,1151.0,4606650.0,0.4619999999999999,1616.5
United Kingdom,GBR,,1627,1172,2492.94,5621000000.0,4797000,0.47,5.6,Europe,5338700000.0,1153.45,4628450.0,0.46299999999999997,1617.5
United Kingdom,GBR,,1628,1317,2492.94,6446000000.0,4896000,0.53,6.4,Europe,5427300000.0,1166.15,4653350.0,0.46799999999999997,1618.5
United Kingdom,GBR,,1629,967,2492.94,4812000000.0,4974000,0.39,4.8,Europe,5396100000.0,1153.2,4680300.0,0.46299999999999997,1619.5
United Kingdom,GBR,,1630,958,2492.94,4749000000.0,4959000,0.38,4.7,Europe,5344850000.0,1136.2,4705800.0,0.45600000000000007,1620.5
United Kingdom,GBR,,1631,981,2492.94,4833000000.0,4926000,0.39,4.8,Europe,5320600000.0,1125.85,4728300.0,0.45149999999999996,1621.5
United Kingdom,GBR,,1632,1102,2492.94,5499000000.0,4989000,0.44,5.5,Europe,5340750000.0,1124.3,4752850.0,0.45100000000000007,1622.5
United Kingdom,GBR,,1633,1015,2492.94,5190000000.0,5114000,0.41,5.2,Europe,5353900000.0,1120.5,4782650.0,0.4494999999999999,1623.5
United Kingdom,GBR,,1634,1027,2492.94,5318000000.0,5177000,0.41,5.3,Europe,5382200000.0,1119.25,4815600.0,0.44899999999999995,1624.5
United Kingdom,GBR,,1635,1063,2492.94,5526000000.0,5200000,0.43,5.5,Europe,5399700000.0,1115.55,4847950.0,0.44750000000000006,1625.5
United Kingdom,GBR,,1636,1032,2492.94,5253000000.0,5090000,0.41,5.3,Europe,5417300000.0,1113.5,4874050.0,0.4465,1626.5
United Kingdom,GBR,,1637,998,2492.94,5185000000.0,5196000,0.40,5.2,Europe,5406000000.0,1104.25,4905150.0,0.44299999999999995,1627.5
United Kingdom,GBR,,1638,1099,2492.94,5672000000.0,5163000,0.44,5.7,Europe,5418850000.0,1100.4,4933150.0,0.4415,1628.5
United Kingdom,GBR,,1639,1109,2492.94,5776000000.0,5207000,0.44,5.8,Europe,5458400000.0,1102.2,4961200.0,0.442,1629.5
United Kingdom,GBR,,1640,1138,2492.94,5929000000.0,5209000,0.46,5.9,Europe,5462800000.0,1096.8,4987200.0,0.43999999999999995,1630.5
United Kingdom,GBR,,1641,1014,2492.94,5202000000.0,5130000,0.41,5.2,Europe,5428950000.0,1085.55,5006450.0,0.43549999999999994,1631.5
United Kingdom,GBR,,1642,1106,2492.94,5743000000.0,5193000,0.44,5.7,Europe,5457950000.0,1087.4,5024650.0,0.43600000000000005,1632.5
United Kingdom,GBR,,1643,1167,2492.94,6147000000.0,5269000,0.47,6.1,Europe,5507700000.0,1092.75,5045150.0,0.438,1633.5
United Kingdom,GBR,,1644,1180,2492.94,6158000000.0,5218000,0.47,6.2,Europe,5524750000.0,1091.55,5064550.0,0.4375,1634.5
United Kingdom,GBR,,1645,1022,2492.94,5360000000.0,5247000,0.41,5.4,Europe,5499550000.0,1081.85,5085800.0,0.4335,1635.5
United Kingdom,GBR,,1646,1031,2492.94,5393000000.0,5231000,0.41,5.4,Europe,5490600000.0,1074.9,5109250.0,0.43050000000000005,1636.5
United Kingdom,GBR,,1647,1025,2492.94,5448000000.0,5316000,0.41,5.4,Europe,5481950000.0,1067.55,5135200.0,0.42750000000000005,1637.5
United Kingdom,GBR,,1648,1038,2492.94,5512000000.0,5309000,0.42,5.5,Europe,5435250000.0,1053.6,5155850.0,0.42200000000000004,1638.5
United Kingdom,GBR,,1649,1020,2492.94,5422000000.0,5315000,0.41,5.4,Europe,5465750000.0,1056.25,5172900.0,0.42299999999999993,1639.5
United Kingdom,GBR,,1650,978,2496.49,5195000000.0,5312000,0.39,5.2,Europe,5488050000.0,1057.25,5190550.0,0.42349999999999993,1640.5
United Kingdom,GBR,,1651,1033,2500.04,5482000000.0,5308000,0.41,5.5,Europe,5520500000.0,1059.85,5209650.0,0.4245,1641.5
United Kingdom,GBR,,1652,1163,2503.59,6270000000.0,5391000,0.46,6.3,Europe,5559050000.0,1062.9,5229750.0,0.4255,1642.5
United Kingdom,GBR,,1653,1299,2507.15,6994000000.0,5386000,0.52,7.0,Europe,5649250000.0,1077.1,5243350.0,0.43100000000000005,1643.5
United Kingdom,GBR,,1654,1287,2510.72,6839000000.0,5313000,0.51,6.8,Europe,5725300000.0,1090.1,5250150.0,0.43600000000000005,1644.5
United Kingdom,GBR,,1655,1340,2514.29,7236000000.0,5398000,0.53,7.2,Europe,5810800000.0,1103.95,5260050.0,0.44099999999999995,1645.5
United Kingdom,GBR,,1656,1241,2517.87,6689000000.0,5391000,0.49,6.7,Europe,5882600000.0,1114.4,5275100.0,0.445,1646.5
United Kingdom,GBR,,1657,1168,2521.45,6301000000.0,5395000,0.46,6.3,Europe,5938400000.0,1122.9,5285050.0,0.44800000000000006,1647.5
United Kingdom,GBR,,1658,1151,2525.04,6123000000.0,5320000,0.46,6.1,Europe,5960950000.0,1125.5,5292900.0,0.44899999999999995,1648.5
United Kingdom,GBR,,1659,974,2528.63,5132000000.0,5267000,0.39,5.1,Europe,5928750000.0,1118.75,5295900.0,0.4465,1649.5
United Kingdom,GBR,,1660,1067,2532.23,5598000000.0,5246000,0.42,5.6,Europe,5912200000.0,1115.2,5297750.0,0.4445,1650.5
United Kingdom,GBR,,1661,1089,2535.83,5749000000.0,5280000,0.43,5.7,Europe,5939550000.0,1118.95,5305250.0,0.4455,1651.5
United Kingdom,GBR,,1662,1125,2539.44,5857000000.0,5205000,0.44,5.9,Europe,5945250000.0,1119.9,5305850.0,0.4454999999999999,1652.5
United Kingdom,GBR,,1663,1325,2543.05,6848000000.0,5169000,0.52,6.8,Europe,5980300000.0,1127.8,5300850.0,0.44800000000000006,1653.5
United Kingdom,GBR,,1664,1236,2546.67,6484000000.0,5245000,0.49,6.5,Europe,5996600000.0,1130.6,5302200.0,0.449,1654.5
United Kingdom,GBR,,1665,1290,2550.29,6686000000.0,5184000,0.51,6.7,Europe,6062900000.0,1144.0,5299050.0,0.454,1655.5
United Kingdom,GBR,,1666,1444,2553.92,7550000000.0,5229000,0.57,7.6,Europe,6170750000.0,1164.65,5298950.0,0.462,1656.5
United Kingdom,GBR,,1667,1485,2557.55,7584000000.0,5106000,0.58,7.6,Europe,6277550000.0,1187.65,5288450.0,0.47050000000000003,1657.5
United Kingdom,GBR,,1668,1312,2561.19,6830000000.0,5205000,0.51,6.8,Europe,6343450000.0,1201.35,5283250.0,0.475,1658.5
United Kingdom,GBR,,1669,1347,2564.83,7002000000.0,5200000,0.53,7.0,Europe,6422450000.0,1217.7,5277500.0,0.48100000000000004,1659.5
United Kingdom,GBR,,1670,1308,2568.48,6793000000.0,5193000,0.51,6.8,Europe,6502350000.0,1234.2,5271550.0,0.487,1660.5
United Kingdom,GBR,,1671,1267,2572.13,6536000000.0,5159000,0.49,6.5,Europe,6555050000.0,1245.9,5264100.0,0.491,1661.5
United Kingdom,GBR,,1672,1258,2575.79,6466000000.0,5141000,0.49,6.5,Europe,6564850000.0,1250.65,5251600.0,0.4925,1662.5
United Kingdom,GBR,,1673,1283,2579.46,6635000000.0,5172000,0.50,6.6,Europe,6546900000.0,1249.85,5240900.0,0.4915,1663.5
United Kingdom,GBR,,1674,1221,2583.12,6334000000.0,5187000,0.47,6.3,Europe,6521650000.0,1246.55,5234600.0,0.48949999999999994,1664.5
United Kingdom,GBR,,1675,1253,2586.8,6500000000.0,5187000,0.48,6.5,Europe,6484850000.0,1242.2,5224050.0,0.487,1665.5
United Kingdom,GBR,,1676,1481,2590.48,7681000000.0,5185000,0.57,7.7,Europe,6534450000.0,1254.2,5213750.0,0.491,1666.5
United Kingdom,GBR,,1677,1372,2594.16,7126000000.0,5193000,0.53,7.1,Europe,6575700000.0,1264.4,5203650.0,0.49449999999999994,1667.5
United Kingdom,GBR,,1678,1422,2597.85,7410000000.0,5210000,0.55,7.4,Europe,6640050000.0,1277.95,5198150.0,0.499,1668.5
United Kingdom,GBR,,1679,1328,2601.55,6898000000.0,5194000,0.51,6.9,Europe,6728350000.0,1295.65,5194500.0,0.505,1669.5
United Kingdom,GBR,,1680,1494,2605.25,7718000000.0,5167000,0.57,7.7,Europe,6834350000.0,1317.0,5190550.0,0.5125,1670.5
United Kingdom,GBR,,1681,1355,2608.96,6924000000.0,5109000,0.52,6.9,Europe,6893100000.0,1330.3,5182000.0,0.517,1671.5
United Kingdom,GBR,,1682,1454,2612.67,7214000000.0,4962000,0.56,7.2,Europe,6960950000.0,1346.75,5169850.0,0.523,1672.5
United Kingdom,GBR,,1683,1571,2616.38,7779000000.0,4951000,0.60,7.8,Europe,7007500000.0,1359.05,5158950.0,0.5269999999999999,1673.5
United Kingdom,GBR,,1684,1316,2620.11,6506000000.0,4944000,0.50,6.5,Europe,7008600000.0,1363.05,5143900.0,0.5275,1674.5
United Kingdom,GBR,,1685,1427,2623.83,7154000000.0,5012000,0.54,7.2,Europe,7032000000.0,1369.9,5135300.0,0.529,1675.5
United Kingdom,GBR,,1686,1319,2627.56,6640000000.0,5036000,0.50,6.6,Europe,6986500000.0,1363.65,5125650.0,0.5255,1676.5
United Kingdom,GBR,,1687,1467,2631.3,7304000000.0,4979000,0.56,7.3,Europe,6972500000.0,1362.75,5119300.0,0.5245,1677.5
United Kingdom,GBR,,1688,1578,2635.05,7804000000.0,4946000,0.60,7.8,Europe,7021200000.0,1376.05,5106350.0,0.529,1678.5
United Kingdom,GBR,,1689,1510,2638.79,7617000000.0,5043000,0.57,7.6,Europe,7051950000.0,1384.2,5098500.0,0.5309999999999999,1679.5
United Kingdom,GBR,,1690,1614,2642.55,8132000000.0,5039000,0.61,8.1,Europe,7118900000.0,1399.5,5090800.0,0.536,1680.5
United Kingdom,GBR,,1691,1623,2646.31,8270000000.0,5094000,0.61,8.3,Europe,7205600000.0,1417.3,5087550.0,0.542,1681.5
United Kingdom,GBR,,1692,1755,2650.07,8945000000.0,5098000,0.66,8.9,Europe,7329550000.0,1442.15,5085400.0,0.5505,1682.5
United Kingdom,GBR,,1693,1486,2653.84,7610000000.0,5121000,0.56,7.6,Europe,7378300000.0,1452.3,5082850.0,0.5535,1683.5
United Kingdom,GBR,,1694,1769,2657.62,9039000000.0,5110000,0.67,9.0,Europe,7513550000.0,1479.7,5079000.0,0.5635000000000001,1684.5
United Kingdom,GBR,,1695,1692,2661.4,8648000000.0,5110000,0.64,8.6,Europe,7620950000.0,1501.65,5075150.0,0.5715,1685.5
United Kingdom,GBR,,1696,1618,2665.18,8281000000.0,5118000,0.61,8.3,Europe,7650950000.0,1508.5,5071800.0,0.5735,1686.5
United Kingdom,GBR,,1697,1597,2668.97,8222000000.0,5150000,0.60,8.2,Europe,7705750000.0,1519.75,5069650.0,0.5770000000000001,1687.5
United Kingdom,GBR,,1698,1635,2672.77,8462000000.0,5177000,0.61,8.5,Europe,7758350000.0,1530.4,5068000.0,0.58,1688.5
United Kingdom,GBR,,1699,1572,2676.57,8158000000.0,5190000,0.59,8.2,Europe,7821350000.0,1542.6,5067800.0,0.584,1689.5
United Kingdom,GBR,,1700,1668,2680.38,8668000000.0,5196000,0.62,8.7,Europe,7868850000.0,1551.3,5069250.0,0.5865,1690.5
United Kingdom,GBR,,1701,1812,2682.69,9444000000.0,5211000,0.68,9.4,Europe,7994850000.0,1574.15,5074350.0,0.5945,1691.5
United Kingdom,GBR,,1702,1793,2685.0,9198000000.0,5131000,0.67,9.2,Europe,8094050000.0,1591.1,5082800.0,0.6,1692.5
United Kingdom,GBR,,1703,1637,2687.31,8607000000.0,5259000,0.61,8.6,Europe,8135450000.0,1594.4,5098200.0,0.6005,1693.5
United Kingdom,GBR,,1704,1948,2689.62,10244000000.0,5258000,0.72,10.2,Europe,8322350000.0,1626.0,5113900.0,0.6115,1694.5
United Kingdom,GBR,,1705,1854,2691.94,9721000000.0,5244000,0.69,9.7,Europe,8450700000.0,1647.35,5125500.0,0.619,1695.5
United Kingdom,GBR,,1706,1543,2694.26,8230000000.0,5334000,0.57,8.2,Europe,8530200000.0,1658.55,5140400.0,0.6224999999999999,1696.5
United Kingdom,GBR,,1707,1736,2696.58,9245000000.0,5324000,0.64,9.2,Europe,8627250000.0,1672.0,5157650.0,0.6265000000000001,1697.5
United Kingdom,GBR,,1708,1851,2698.9,9838000000.0,5315000,0.69,9.8,Europe,8728950000.0,1685.65,5176100.0,0.631,1698.5
United Kingdom,GBR,,1709,1605,2701.22,8521000000.0,5310000,0.59,8.5,Europe,8774150000.0,1690.4,5189450.0,0.632,1699.5
United Kingdom,GBR,,1710,1437,2703.55,7745000000.0,5390000,0.53,7.7,Europe,8754800000.0,1681.55,5207000.0,0.6279999999999999,1700.5
United Kingdom,GBR,,1711,1569,2705.87,8443000000.0,5382000,0.58,8.4,Europe,8763450000.0,1678.85,5221400.0,0.6265,1701.5
United Kingdom,GBR,,1712,1587,2708.2,8434000000.0,5314000,0.59,8.4,Europe,8737900000.0,1670.45,5232200.0,0.623,1702.5
United Kingdom,GBR,,1713,1520,2710.54,8070000000.0,5310000,0.56,8.1,Europe,8760900000.0,1672.15,5241650.0,0.623,1703.5
United Kingdom,GBR,,1714,1645,2712.87,8875000000.0,5394000,0.61,8.9,Europe,8752700000.0,1665.95,5255850.0,0.6199999999999999,1704.5
United Kingdom,GBR,,1715,1598,2715.21,8624000000.0,5398000,0.59,8.6,Europe,8751500000.0,1661.25,5270250.0,0.6174999999999999,1705.5
United Kingdom,GBR,,1716,1648,2717.54,8948000000.0,5428000,0.61,8.9,Europe,8784850000.0,1662.75,5285750.0,0.6174999999999999,1706.5
United Kingdom,GBR,,1717,1738,2719.88,9450000000.0,5437000,0.64,9.5,Europe,8846250000.0,1669.8,5300100.0,0.6195,1707.5
United Kingdom,GBR,,1718,1818,2722.23,9982000000.0,5491000,0.67,10.0,Europe,8922250000.0,1678.95,5315800.0,0.6225,1708.5
United Kingdom,GBR,,1719,1773,2724.57,9804000000.0,5530000,0.65,9.8,Europe,9004550000.0,1689.0,5332800.0,0.6255,1709.5
United Kingdom,GBR,,1720,1892,2726.92,10427000000.0,5510000,0.69,10.4,Europe,9092500000.0,1700.2,5348500.0,0.629,1710.5
United Kingdom,GBR,,1721,1820,2729.26,10018000000.0,5503000,0.67,10.0,Europe,9121200000.0,1700.6,5363100.0,0.6285000000000001,1711.5
United Kingdom,GBR,,1722,1839,2731.61,10123000000.0,5506000,0.67,10.1,Europe,9167450000.0,1702.9,5381850.0,0.6285000000000001,1712.5
United Kingdom,GBR,,1723,1788,2733.97,9877000000.0,5523000,0.65,9.9,Europe,9230950000.0,1710.45,5395050.0,0.6305000000000001,1713.5
United Kingdom,GBR,,1724,1765,2736.32,9776000000.0,5540000,0.64,9.8,Europe,9207550000.0,1701.3,5409150.0,0.6265,1714.5
United Kingdom,GBR,,1725,1804,2738.68,10029000000.0,5558000,0.66,10.0,Europe,9222950000.0,1698.8,5424850.0,0.625,1715.5
United Kingdom,GBR,,1726,1735,2741.03,9718000000.0,5602000,0.63,9.7,Europe,9297350000.0,1708.4,5438250.0,0.628,1716.5
United Kingdom,GBR,,1727,1716,2743.39,9656000000.0,5628000,0.63,9.7,Europe,9317900000.0,1707.4,5453450.0,0.6275,1717.5
United Kingdom,GBR,,1728,1784,2745.76,9949000000.0,5578000,0.65,9.9,Europe,9323450000.0,1704.05,5466600.0,0.6255,1718.5
United Kingdom,GBR,,1729,1715,2748.12,9394000000.0,5478000,0.62,9.4,Europe,9367100000.0,1709.55,5475000.0,0.627,1719.5
United Kingdom,GBR,,1730,1772,2750.49,9607000000.0,5421000,0.64,9.6,Europe,9460200000.0,1726.3,5476550.0,0.6325000000000001,1720.5
United Kingdom,GBR,,1731,1746,2752.85,9452000000.0,5414000,0.63,9.5,Europe,9510650000.0,1735.15,5478150.0,0.635,1721.5
United Kingdom,GBR,,1732,1868,2755.22,10078000000.0,5395000,0.68,10.1,Europe,9592850000.0,1749.2,5482200.0,0.6395000000000001,1722.5
United Kingdom,GBR,,1733,1894,2757.6,10299000000.0,5438000,0.69,10.3,Europe,9704300000.0,1767.9,5488600.0,0.646,1723.5
United Kingdom,GBR,,1734,1860,2759.97,10259000000.0,5515000,0.67,10.3,Europe,9773500000.0,1778.65,5494650.0,0.6489999999999999,1724.5
United Kingdom,GBR,,1735,1801,2762.35,10014000000.0,5561000,0.65,10.0,Europe,9843000000.0,1788.8,5502800.0,0.6519999999999999,1725.5
United Kingdom,GBR,,1736,1921,2764.73,10756000000.0,5599000,0.69,10.8,Europe,9933400000.0,1802.45,5511350.0,0.6559999999999999,1726.5
United Kingdom,GBR,,1737,1808,2760.61,10177000000.0,5629000,0.65,10.2,Europe,9969750000.0,1805.95,5520950.0,0.6565,1727.5
United Kingdom,GBR,,1738,1834,2756.49,10365000000.0,5652000,0.67,10.4,Europe,9988900000.0,1806.75,5529000.0,0.6565,1728.5
United Kingdom,GBR,,1739,1811,2752.39,10294000000.0,5684000,0.66,10.3,Europe,10013400000.0,1808.65,5536700.0,0.657,1729.5
United Kingdom,GBR,,1740,1772,2748.29,10119000000.0,5712000,0.64,10.1,Europe,9998000000.0,1802.65,5546800.0,0.6545,1730.5
United Kingdom,GBR,,1741,1819,2744.19,10412000000.0,5723000,0.66,10.4,Europe,10017700000.0,1802.6,5557800.0,0.654,1731.5
United Kingdom,GBR,,1742,1880,2740.1,10649000000.0,5664000,0.69,10.6,Europe,10044000000.0,1804.65,5565700.0,0.655,1732.5
United Kingdom,GBR,,1743,1837,2736.02,10396000000.0,5660000,0.67,10.4,Europe,10069950000.0,1807.1,5572550.0,0.6559999999999999,1733.5
United Kingdom,GBR,,1744,1800,2731.94,10249000000.0,5695000,0.66,10.2,Europe,10093600000.0,1808.85,5580300.0,0.657,1734.5
United Kingdom,GBR,,1745,1808,2727.87,10397000000.0,5750000,0.66,10.4,Europe,10112000000.0,1809.05,5589900.0,0.657,1735.5
United Kingdom,GBR,,1746,1854,2723.81,10722000000.0,5782000,0.68,10.7,Europe,10162200000.0,1815.0,5598900.0,0.6595,1736.5
United Kingdom,GBR,,1747,1931,2719.75,11208000000.0,5805000,0.71,11.2,Europe,10239800000.0,1825.75,5607750.0,0.6635000000000001,1737.5
United Kingdom,GBR,,1748,1906,2715.7,11085000000.0,5817000,0.70,11.1,Europe,10296600000.0,1831.85,5619700.0,0.666,1738.5
United Kingdom,GBR,,1749,1883,2711.65,11017000000.0,5851000,0.69,11.0,Europe,10377750000.0,1840.25,5638350.0,0.6695,1739.5
United Kingdom,GBR,,1750,1898,2707.61,11174000000.0,5888000,0.70,11.2,Europe,10456100000.0,1846.55,5661700.0,0.6725000000000001,1740.5
United Kingdom,GBR,,1751,1846,2703.58,10930000000.0,5922000,0.68,10.9,Europe,10530000000.0,1851.55,5687100.0,0.675,1741.5
United Kingdom,GBR,,1752,1924,2699.55,11466000000.0,5961000,0.71,11.5,Europe,10599400000.0,1854.35,5715400.0,0.6765,1742.5
United Kingdom,GBR,,1753,1925,2695.53,11565000000.0,6008000,0.71,11.6,Europe,10662700000.0,1855.9,5743900.0,0.6775,1743.5
United Kingdom,GBR,,1754,1857,2691.51,11239000000.0,6052000,0.69,11.2,Europe,10711700000.0,1855.75,5770750.0,0.6785,1744.5
United Kingdom,GBR,,1755,1899,2687.5,11577000000.0,6097000,0.71,11.6,Europe,10789850000.0,1860.65,5797550.0,0.6815,1745.5
United Kingdom,GBR,,1756,1850,2683.5,11378000000.0,6149000,0.69,11.4,Europe,10820950000.0,1857.1,5825050.0,0.6815,1746.5
United Kingdom,GBR,,1757,1947,2679.5,12031000000.0,6178000,0.73,12.0,Europe,10913650000.0,1864.05,5852500.0,0.6855,1747.5
United Kingdom,GBR,,1758,1968,2675.51,12195000000.0,6196000,0.74,12.2,Europe,11005150000.0,1870.75,5879700.0,0.6890000000000001,1748.5
United Kingdom,GBR,,1759,1991,2671.52,12385000000.0,6222000,0.75,12.4,Europe,11109700000.0,1879.75,5906600.0,0.6935,1749.5
United Kingdom,GBR,,1760,2034,2667.54,12742000000.0,6263000,0.76,12.7,Europe,11240850000.0,1892.85,5934150.0,0.6995,1750.5
United Kingdom,GBR,,1761,2099,2684.68,13247000000.0,6310000,0.78,13.2,Europe,11382600000.0,1906.85,5963500.0,0.7055,1751.5
United Kingdom,GBR,,1762,2031,2701.92,12875000000.0,6339000,0.75,12.9,Europe,11493900000.0,1914.4,5997250.0,0.7085,1752.5
United Kingdom,GBR,,1763,2028,2719.28,12830000000.0,6327000,0.75,12.8,Europe,11615600000.0,1923.95,6030600.0,0.7125,1753.5
United Kingdom,GBR,,1764,2016,2736.75,12822000000.0,6361000,0.74,12.8,Europe,11744250000.0,1934.75,6063900.0,0.7165,1754.5
United Kingdom,GBR,,1765,1982,2754.33,12715000000.0,6415000,0.72,12.7,Europe,11860150000.0,1943.45,6097150.0,0.7195,1755.5
United Kingdom,GBR,,1766,1998,2772.02,12882000000.0,6449000,0.72,12.9,Europe,11968150000.0,1950.65,6130500.0,0.7215,1756.5
United Kingdom,GBR,,1767,2005,2789.83,12968000000.0,6467000,0.72,13.0,Europe,12056150000.0,1954.35,6163600.0,0.722,1757.5
United Kingdom,GBR,,1768,2017,2807.75,13084000000.0,6487000,0.72,13.1,Europe,12156100000.0,1959.9,6197100.0,0.723,1758.5
United Kingdom,GBR,,1769,2116,2825.79,13821000000.0,6531000,0.75,13.8,Europe,12296300000.0,1971.55,6231100.0,0.726,1759.5
United Kingdom,GBR,,1770,2043,2843.94,13440000000.0,6580000,0.72,13.4,Europe,12409600000.0,1978.8,6265700.0,0.727,1760.5
United Kingdom,GBR,,1771,2067,2862.21,13688000000.0,6623000,0.72,13.7,Europe,12547500000.0,1989.85,6300750.0,0.729,1761.5
United Kingdom,GBR,,1772,1998,2880.6,13335000000.0,6674000,0.69,13.3,Europe,12640950000.0,1993.55,6336400.0,0.728,1762.5
United Kingdom,GBR,,1773,2017,2899.1,13570000000.0,6727000,0.70,13.6,Europe,12741200000.0,1998.15,6372350.0,0.7274999999999999,1763.5
United Kingdom,GBR,,1774,1958,2917.72,13265000000.0,6776000,0.67,13.3,Europe,12842500000.0,2003.2,6408550.0,0.7264999999999999,1764.5
United Kingdom,GBR,,1775,1999,2936.47,13686000000.0,6848000,0.68,13.7,Europe,12947950000.0,2008.2,6446100.0,0.725,1765.5
United Kingdom,GBR,,1776,2043,2955.33,14126000000.0,6913000,0.69,14.1,Europe,13085350000.0,2017.85,6484300.0,0.725,1766.5
United Kingdom,GBR,,1777,2082,2974.32,14532000000.0,6979000,0.70,14.5,Europe,13210400000.0,2024.6,6524350.0,0.7234999999999999,1767.5
United Kingdom,GBR,,1778,2046,2993.42,14427000000.0,7050000,0.68,14.4,Europe,13322000000.0,2028.5,6567050.0,0.7204999999999999,1768.5
United Kingdom,GBR,,1779,2021,3012.65,14384000000.0,7116000,0.67,14.4,Europe,13421950000.0,2030.0,6611750.0,0.7164999999999999,1769.5
United Kingdom,GBR,,1780,2102,3032.0,15038000000.0,7155000,0.69,15.0,Europe,13536750000.0,2033.4,6656350.0,0.713,1770.5
United Kingdom,GBR,,1781,2146,3051.48,15463000000.0,7206000,0.70,15.5,Europe,13647550000.0,2035.75,6701150.0,0.709,1771.5
United Kingdom,GBR,,1782,2117,3071.08,15306000000.0,7231000,0.69,15.3,Europe,13769100000.0,2040.05,6745750.0,0.706,1772.5
United Kingdom,GBR,,1783,2090,3090.81,15223000000.0,7284000,0.68,15.2,Europe,13888750000.0,2043.15,6793600.0,0.7025,1773.5
United Kingdom,GBR,,1784,2093,3110.67,15280000000.0,7301000,0.67,15.3,Europe,14011650000.0,2047.0,6840600.0,0.6990000000000001,1774.5
United Kingdom,GBR,,1785,2059,3130.65,15170000000.0,7368000,0.66,15.2,Europe,14134400000.0,2050.85,6888250.0,0.696,1775.5
United Kingdom,GBR,,1786,2076,3150.76,15432000000.0,7434000,0.66,15.4,Europe,14261900000.0,2054.75,6937500.0,0.693,1776.5
United Kingdom,GBR,,1787,2021,3171.0,15172000000.0,7508000,0.64,15.2,Europe,14372100000.0,2055.55,6989550.0,0.689,1777.5
United Kingdom,GBR,,1788,1993,3191.37,15134000000.0,7592000,0.62,15.1,Europe,14474600000.0,2054.35,7044800.0,0.684,1778.5
United Kingdom,GBR,,1789,2018,3211.87,15469000000.0,7666000,0.63,15.5,Europe,14557000000.0,2049.45,7101550.0,0.678,1779.5
United Kingdom,GBR,,1790,2144,3232.51,16639000000.0,7762000,0.66,16.6,Europe,14716950000.0,2054.5,7160650.0,0.675,1780.5
United Kingdom,GBR,,1791,2129,3253.27,16707000000.0,7846000,0.65,16.7,Europe,14867900000.0,2057.6,7221800.0,0.6715,1781.5
United Kingdom,GBR,,1792,2189,3274.17,17374000000.0,7937000,0.67,17.4,Europe,15069850000.0,2067.15,7284950.0,0.6705,1782.5
United Kingdom,GBR,,1793,2130,3295.2,17088000000.0,8022000,0.65,17.1,Europe,15245750000.0,2072.8,7349700.0,0.668,1783.5
United Kingdom,GBR,,1794,2041,3316.37,16532000000.0,8101000,0.62,16.5,Europe,15409100000.0,2076.95,7415950.0,0.6655,1784.5
United Kingdom,GBR,,1795,2243,3337.67,18323000000.0,8169000,0.67,18.3,Europe,15640950000.0,2089.15,7482000.0,0.6649999999999999,1785.5
United Kingdom,GBR,,1796,2259,3359.11,18648000000.0,8256000,0.67,18.6,Europe,15867050000.0,2099.95,7549150.0,0.6639999999999999,1786.5
United Kingdom,GBR,,1797,2221,3380.69,18508000000.0,8334000,0.66,18.5,Europe,16065850000.0,2106.9,7616900.0,0.662,1787.5
United Kingdom,GBR,,1798,2215,3402.41,18682000000.0,8435000,0.65,18.7,Europe,16278600000.0,2115.35,7686150.0,0.6605000000000001,1788.5
United Kingdom,GBR,,1799,2248,3424.27,19169000000.0,8526000,0.66,19.2,Europe,16517850000.0,2126.7,7756650.0,0.66,1789.5
United Kingdom,GBR,,1800,2332,3446.26,20098000000.0,8620000,0.68,20.1,Europe,16770850000.0,2138.2,7829900.0,0.6595,1790.5
United Kingdom,GBR,,1801,2338,3447.23,20275000000.0,8671000,0.68,20.3,Europe,17011450000.0,2147.8,7903150.0,0.6585,1791.5
United Kingdom,GBR,,1802,2348,3448.19,20500000000.0,8731000,0.68,20.5,Europe,17271150000.0,2159.35,7978150.0,0.6580000000000001,1792.5
United Kingdom,GBR,,1803,2272,3449.15,20062000000.0,8832000,0.66,20.1,Europe,17513100000.0,2168.45,8055550.0,0.657,1793.5
United Kingdom,GBR,,1804,2240,3450.12,20036000000.0,8945000,0.65,20.0,Europe,17750900000.0,2175.8,8137750.0,0.6559999999999999,1794.5
United Kingdom,GBR,,1805,2337,3451.08,21249000000.0,9092000,0.68,21.2,Europe,18054850000.0,2189.7,8223950.0,0.657,1795.5
United Kingdom,GBR,,1806,2292,3452.04,21159000000.0,9232000,0.66,21.2,Europe,18341200000.0,2200.5,8313850.0,0.657,1796.5
United Kingdom,GBR,,1807,2406,3453.01,22537000000.0,9368000,0.70,22.5,Europe,18709450000.0,2219.75,8406850.0,0.66,1797.5
United Kingdom,GBR,,1808,2261,3453.97,21477000000.0,9498000,0.65,21.5,Europe,19026600000.0,2233.15,8502150.0,0.6615,1798.5
United Kingdom,GBR,,1809,2301,3454.94,22145000000.0,9624000,0.67,22.1,Europe,19360400000.0,2247.3,8600050.0,0.6635000000000001,1799.5
United Kingdom,GBR,,1810,2420,3455.9,23567000000.0,9738000,0.70,23.6,Europe,19706800000.0,2261.1,8698850.0,0.6655,1800.5
United Kingdom,GBR,,1811,2364,3456.87,23314000000.0,9864000,0.68,23.3,Europe,20037150000.0,2272.85,8799750.0,0.667,1801.5
United Kingdom,GBR,,1812,2237,3457.83,22345000000.0,9988000,0.65,22.3,Europe,20285700000.0,2275.25,8902300.0,0.666,1802.5
United Kingdom,GBR,,1813,2323,3458.8,23555000000.0,10141000,0.67,23.6,Europe,20609050000.0,2284.9,9008250.0,0.667,1803.5
United Kingdom,GBR,,1814,2241,3459.77,23026000000.0,10274000,0.65,23.0,Europe,20933750000.0,2294.9,9116900.0,0.6685000000000001,1804.5
United Kingdom,GBR,,1815,2437,3460.73,25484000000.0,10458000,0.70,25.5,Europe,21291800000.0,2304.6,9231350.0,0.67,1805.5
United Kingdom,GBR,,1816,2271,3461.7,24140000000.0,10628000,0.66,24.1,Europe,21566400000.0,2305.2,9349950.0,0.6695,1806.5
United Kingdom,GBR,,1817,2272,3462.67,24540000000.0,10802000,0.66,24.5,Europe,21868000000.0,2307.75,9473350.0,0.6695,1807.5
United Kingdom,GBR,,1818,2237,3463.63,24508000000.0,10957000,0.65,24.5,Europe,22159300000.0,2308.85,9599450.0,0.6695,1808.5
United Kingdom,GBR,,1819,2167,3464.6,24097000000.0,11122000,0.63,24.1,Europe,22405700000.0,2304.8,9729250.0,0.668,1809.5
United Kingdom,GBR,,1820,2312,3465.57,26052000000.0,11268000,0.67,26.1,Europe,22703400000.0,2303.8,9861650.0,0.6675000000000001,1810.5
United Kingdom,GBR,,1821,2312,3466.54,26492000000.0,11457000,0.67,26.5,Europe,23014250000.0,2302.5,10000950.0,0.667,1811.5
United Kingdom,GBR,,1822,2317,3467.5,27002000000.0,11652000,0.67,27.0,Europe,23339350000.0,2300.95,10147000.0,0.6665,1812.5
United Kingdom,GBR,,1823,2348,3468.47,27795000000.0,11839000,0.68,27.8,Europe,23726000000.0,2304.75,10297350.0,0.6675000000000001,1813.5
United Kingdom,GBR,,1824,2440,3469.44,29317000000.0,12017000,0.70,29.3,Europe,24190050000.0,2314.75,10450950.0,0.67,1814.5
United Kingdom,GBR,,1825,2455,3470.41,29973000000.0,12208000,0.71,30.0,Europe,24626250000.0,2320.65,10606750.0,0.6715,1815.5
United Kingdom,GBR,,1826,2292,3471.38,28361000000.0,12374000,0.66,28.4,Europe,24986350000.0,2320.65,10763850.0,0.6715000000000001,1816.5
United Kingdom,GBR,,1827,2438,3472.35,30544000000.0,12528000,0.70,30.5,Europe,25386700000.0,2322.25,10921850.0,0.6715,1817.5
United Kingdom,GBR,,1828,2407,3473.32,30631000000.0,12728000,0.69,30.6,Europe,25844400000.0,2329.55,11083350.0,0.6735,1818.5
United Kingdom,GBR,,1829,2393,3474.29,30883000000.0,12903000,0.69,30.9,Europe,26281300000.0,2334.15,11247300.0,0.6745,1819.5
United Kingdom,GBR,,1830,2468,3475.26,32263000000.0,13074000,0.71,32.3,Europe,26716100000.0,2336.55,11414100.0,0.675,1820.5
United Kingdom,GBR,,1831,2510,3468.28,33262000000.0,13254000,0.72,33.3,Europe,27213500000.0,2343.85,11583600.0,0.677,1821.5
United Kingdom,GBR,,1832,2495,3461.31,33414000000.0,13394000,0.72,33.4,Europe,27766950000.0,2356.75,11753900.0,0.6805,1822.5
United Kingdom,GBR,,1833,2491,3454.35,33794000000.0,13565000,0.72,33.8,Europe,28278900000.0,2365.15,11925100.0,0.683,1823.5
United Kingdom,GBR,,1834,2542,3447.41,34983000000.0,13760000,0.74,35.0,Europe,28876750000.0,2380.2,12099400.0,0.6875,1824.5
United Kingdom,GBR,,1835,2665,3440.48,37098000000.0,13921000,0.77,37.1,Europe,29457450000.0,2391.6,12272550.0,0.6910000000000001,1825.5
United Kingdom,GBR,,1836,2700,3433.57,38068000000.0,14100000,0.79,38.1,Europe,30153850000.0,2413.05,12446150.0,0.6975,1826.5
United Kingdom,GBR,,1837,2647,3426.67,37744000000.0,14261000,0.77,37.7,Europe,30814050000.0,2431.8,12619100.0,0.7030000000000001,1827.5
United Kingdom,GBR,,1838,2746,3419.78,39586000000.0,14416000,0.80,39.6,Europe,31567950000.0,2457.25,12792050.0,0.7105,1828.5
United Kingdom,GBR,,1839,2774,3412.91,40484000000.0,14594000,0.81,40.5,Europe,32387300000.0,2487.6,12965650.0,0.7194999999999999,1829.5
United Kingdom,GBR,,1840,2750,3406.05,40614000000.0,14769000,0.81,40.6,Europe,33115400000.0,2509.5,13140700.0,0.7264999999999999,1830.5
United Kingdom,GBR,,1841,2643,3399.21,39484000000.0,14937000,0.78,39.5,Europe,33765000000.0,2526.05,13314700.0,0.732,1831.5
United Kingdom,GBR,,1842,2598,3392.38,39153000000.0,15073000,0.77,39.2,Europe,34372550000.0,2540.1,13485750.0,0.737,1832.5
United Kingdom,GBR,,1843,2647,3385.56,40410000000.0,15264000,0.78,40.4,Europe,35003300000.0,2555.05,13657000.0,0.742,1833.5
United Kingdom,GBR,,1844,2818,3378.76,43558000000.0,15455000,0.83,43.6,Europe,35715350000.0,2573.95,13828900.0,0.7485,1834.5
United Kingdom,GBR,,1845,2913,3371.97,45577000000.0,15648000,0.86,45.6,Europe,36495550000.0,2596.85,14000900.0,0.756,1835.5
United Kingdom,GBR,,1846,3043,3365.2,48212000000.0,15841000,0.90,48.2,Europe,37488100000.0,2634.4,14174250.0,0.768,1836.5
United Kingdom,GBR,,1847,2973,3358.43,47672000000.0,16035000,0.89,47.7,Europe,38344500000.0,2661.15,14349600.0,0.7775000000000001,1837.5
United Kingdom,GBR,,1848,3003,3351.68,48734000000.0,16230000,0.90,48.7,Europe,39249650000.0,2690.95,14524700.0,0.788,1838.5
United Kingdom,GBR,,1849,2991,3344.95,49122000000.0,16426000,0.89,49.1,Europe,40161600000.0,2720.85,14700850.0,0.7979999999999999,1839.5
United Kingdom,GBR,,1850,2914,3338.23,48432000000.0,16622000,0.87,48.4,Europe,40970050000.0,2743.15,14878250.0,0.806,1840.5
United Kingdom,GBR,,1851,3004,3331.52,50533000000.0,16820000,0.90,50.5,Europe,41833600000.0,2767.85,15056550.0,0.8150000000000001,1841.5
United Kingdom,GBR,,1852,3059,3324.83,52065000000.0,17018000,0.92,52.1,Europe,42766150000.0,2796.05,15237750.0,0.825,1842.5
United Kingdom,GBR,,1853,3136,3318.15,53992000000.0,17218000,0.95,54.0,Europe,43776050000.0,2828.3,15420400.0,0.8365,1843.5
United Kingdom,GBR,,1854,3233,3311.48,56304000000.0,17418000,0.98,56.3,Europe,44842100000.0,2862.85,15603300.0,0.8484999999999999,1844.5
United Kingdom,GBR,,1855,3160,3304.82,55666000000.0,17618000,0.96,55.7,Europe,45770500000.0,2887.6,15788150.0,0.858,1845.5
United Kingdom,GBR,,1856,3265,3298.18,58182000000.0,17820000,0.99,58.2,Europe,46776200000.0,2915.85,15974150.0,0.8680000000000001,1846.5
United Kingdom,GBR,,1857,3261,3291.89,58774000000.0,18021000,0.99,58.8,Europe,47827700000.0,2946.55,16162150.0,0.8790000000000001,1847.5
United Kingdom,GBR,,1858,3214,3285.61,58569000000.0,18223000,0.98,58.6,Europe,48776850000.0,2969.95,16352500.0,0.8880000000000001,1848.5
United Kingdom,GBR,,1859,3300,3279.32,60800000000.0,18426000,1.01,60.8,Europe,49792650000.0,2996.25,16544100.0,0.8979999999999999,1849.5
United Kingdom,GBR,,1860,3347,3273.03,62356000000.0,18629000,1.02,62.4,Europe,50879750000.0,3026.1,16737100.0,0.9085000000000001,1850.5
United Kingdom,GBR,,1861,3372,3261.69,63499000000.0,18833000,1.03,63.5,Europe,52080500000.0,3062.55,16931900.0,0.9209999999999999,1851.5
United Kingdom,GBR,,1862,3303,3247.86,62992000000.0,19073000,1.02,63.0,Europe,53272450000.0,3097.8,17131900.0,0.9334999999999999,1852.5
United Kingdom,GBR,,1863,3440,3247.86,66439000000.0,19315000,1.06,66.4,Europe,54573900000.0,3137.45,17334450.0,0.9475000000000001,1853.5
United Kingdom,GBR,,1864,3446,3244.54,67403000000.0,19561000,1.06,67.4,Europe,55766150000.0,3168.85,17539750.0,0.959,1854.5
United Kingdom,GBR,,1865,3564,3241.22,70609000000.0,19810000,1.10,70.6,Europe,57017750000.0,3201.4,17747850.0,0.9710000000000001,1855.5
United Kingdom,GBR,,1866,3569,3220.2,71603000000.0,20062000,1.11,71.6,Europe,58187300000.0,3227.7,17958900.0,0.9814999999999999,1856.5
United Kingdom,GBR,,1867,3543,3205.54,71989000000.0,20317000,1.11,72.0,Europe,59403150000.0,3256.2,18173000.0,0.9925,1857.5
United Kingdom,GBR,,1868,3639,3185.63,74875000000.0,20575000,1.14,74.9,Europe,60710200000.0,3288.0,18390250.0,1.0045,1858.5
United Kingdom,GBR,,1869,3684,3183.69,76758000000.0,20837000,1.16,76.8,Europe,62092000000.0,3322.65,18610800.0,1.018,1859.5
United Kingdom,GBR,,1870,3927,3183.42,82871000000.0,21102000,1.23,82.9,Europe,63813950000.0,3373.3,18834800.0,1.036,1860.5
United Kingdom,GBR,,1871,4104,3168.76,87729000000.0,21376000,1.30,87.7,Europe,65673750000.0,3428.3,19062600.0,1.0559999999999998,1861.5
United Kingdom,GBR,,1872,4065,3106.8,88093000000.0,21669000,1.31,88.1,Europe,67475150000.0,3478.6,19295150.0,1.0755000000000001,1862.5
United Kingdom,GBR,,1873,4038,3036.55,88709000000.0,21966000,1.33,88.7,Europe,69211000000.0,3523.7,19532550.0,1.0945,1863.5
United Kingdom,GBR,,1874,4153,3002.19,92472000000.0,22266000,1.38,92.5,Europe,71019400000.0,3569.7,19774950.0,1.1145,1864.5
United Kingdom,GBR,,1875,4131,2990.51,93242000000.0,22571000,1.38,93.2,Europe,72898200000.0,3618.25,20022600.0,1.1355,1865.5
United Kingdom,GBR,,1876,4090,2989.34,93568000000.0,22880000,1.37,93.6,Europe,74667500000.0,3659.5,20275600.0,1.1545,1866.5
United Kingdom,GBR,,1877,4067,2981.53,94340000000.0,23194000,1.36,94.3,Europe,76445800000.0,3699.8,20534250.0,1.173,1867.5
United Kingdom,GBR,,1878,4011,2978.7,94295000000.0,23511000,1.35,94.3,Europe,78232100000.0,3739.65,20798650.0,1.1915,1868.5
United Kingdom,GBR,,1879,3880,2979.74,92472000000.0,23833000,1.30,92.5,Europe,79815700000.0,3768.65,21069000.0,1.206,1869.5
United Kingdom,GBR,,1880,4116,3000.7,99439000000.0,24159000,1.37,99.4,Europe,81669850000.0,3807.1,21345500.0,1.2235,1870.5
United Kingdom,GBR,,1881,4169,2994.28,102032000000.0,24474000,1.39,102.0,Europe,83596500000.0,3846.95,21627550.0,1.2415,1871.5
United Kingdom,GBR,,1882,4183,2994.77,103728000000.0,24797000,1.40,103.7,Europe,85633300000.0,3890.95,21913750.0,1.2605,1872.5
United Kingdom,GBR,,1883,4273,2994.15,106880000000.0,25013000,1.43,106.9,Europe,87655350000.0,3932.6,22198650.0,1.279,1873.5
United Kingdom,GBR,,1884,4179,2993.26,105691000000.0,25292000,1.40,105.7,Europe,89569750000.0,3969.25,22485200.0,1.296,1874.5
United Kingdom,GBR,,1885,4089,2993.75,104574000000.0,25574000,1.37,104.6,Europe,91268000000.0,3995.5,22773400.0,1.3094999999999999,1875.5
United Kingdom,GBR,,1886,4058,2994.24,104932000000.0,25859000,1.36,104.9,Europe,92934450000.0,4019.95,23063250.0,1.322,1876.5
United Kingdom,GBR,,1887,4188,2994.45,109518000000.0,26148000,1.40,109.5,Europe,94810900000.0,4052.2,23354800.0,1.3365,1877.5
United Kingdom,GBR,,1888,4283,2994.94,113242000000.0,26440000,1.43,113.2,Europe,96729250000.0,4084.4,23648050.0,1.351,1878.5
United Kingdom,GBR,,1889,4376,2995.43,116980000000.0,26735000,1.46,117.0,Europe,98740350000.0,4119.0,23942950.0,1.366,1879.5
United Kingdom,GBR,,1890,4376,2995.92,118163000000.0,27003000,1.46,118.2,Europe,100504950000.0,4141.45,24238000.0,1.3775,1880.5
United Kingdom,GBR,,1891,4461,2982.33,121795000000.0,27304000,1.50,121.8,Europe,102208250000.0,4159.3,24534400.0,1.3875,1881.5
United Kingdom,GBR,,1892,4299,2978.65,118737000000.0,27618000,1.44,118.7,Europe,103740450000.0,4171.0,24831850.0,1.394,1882.5
United Kingdom,GBR,,1893,4212,2960.46,117668000000.0,27936000,1.42,117.7,Europe,105188400000.0,4179.7,25130350.0,1.3985,1883.5
United Kingdom,GBR,,1894,4373,2968.92,123579000000.0,28257000,1.47,123.6,Europe,106743750000.0,4190.7,25429900.0,1.403,1884.5
United Kingdom,GBR,,1895,4466,2971.4,127647000000.0,28582000,1.50,127.6,Europe,108464000000.0,4207.45,25730450.0,1.409,1885.5
United Kingdom,GBR,,1896,4602,2964.45,133058000000.0,28911000,1.55,133.1,Europe,110438500000.0,4233.05,26032000.0,1.418,1886.5
United Kingdom,GBR,,1897,4601,2957.77,135019000000.0,29344000,1.56,135.0,Europe,112472450000.0,4259.75,26339500.0,1.428,1887.5
United Kingdom,GBR,,1898,4791,2928.41,141726000000.0,29580000,1.64,141.7,Europe,114844000000.0,4298.75,26642950.0,1.4425000000000001,1888.5
United Kingdom,GBR,,1899,4922,2951.85,147257000000.0,29921000,1.67,147.3,Europe,117583250000.0,4350.85,26947350.0,1.4609999999999999,1889.5
United Kingdom,GBR,,1900,4871,2950.15,147356000000.0,30253000,1.65,147.4,Europe,119979100000.0,4388.6,27252050.0,1.475,1890.5
United Kingdom,GBR,,1901,4930,2949.6,150837000000.0,30594000,1.67,150.8,Europe,122419350000.0,4426.65,27558050.0,1.4889999999999999,1891.5
United Kingdom,GBR,,1902,4958,2942.68,153241000000.0,30907000,1.68,153.2,Europe,124895000000.0,4465.4,27863550.0,1.503,1892.5
United Kingdom,GBR,,1903,4859,2943.69,151617000000.0,31202000,1.65,151.6,Europe,127131850000.0,4494.7,28173000.0,1.514,1893.5
United Kingdom,GBR,,1904,4876,2944.57,153714000000.0,31522000,1.66,153.7,Europe,129533000000.0,4529.55,28484500.0,1.527,1894.5
United Kingdom,GBR,,1905,4991,2944.11,158930000000.0,31844000,1.70,158.9,Europe,132250800000.0,4574.65,28798000.0,1.5435,1895.5
United Kingdom,GBR,,1906,5065,2943.22,162943000000.0,32171000,1.72,162.9,Europe,135151350000.0,4625.0,29113600.0,1.5614999999999999,1896.5
United Kingdom,GBR,,1907,5116,2942.18,167047000000.0,32653000,1.74,167.0,Europe,138027800000.0,4671.4,29438850.0,1.5785,1897.5
United Kingdom,GBR,,1908,4888,2934.1,160492000000.0,32834000,1.67,160.5,Europe,140390300000.0,4701.65,29758550.0,1.5905,1898.5
United Kingdom,GBR,,1909,4955,2928.81,164368000000.0,33170000,1.69,164.4,Europe,142759700000.0,4730.6,30080300.0,1.6019999999999999,1899.5
United Kingdom,GBR,,1910,5067,2925.68,169147000000.0,33382000,1.73,169.1,Europe,145308900000.0,4765.15,30399250.0,1.6154999999999997,1900.5
United Kingdom,GBR,,1911,5180,2925.58,174587000000.0,33704000,1.77,174.6,Europe,147948500000.0,4801.1,30719250.0,1.629,1901.5
United Kingdom,GBR,,1912,5245,2909.5,177560000000.0,33852000,1.80,177.6,Europe,150889650000.0,4848.4,31030950.0,1.6469999999999998,1902.5
United Kingdom,GBR,,1913,5442,2908.07,185317000000.0,34055000,1.87,185.3,Europe,154272100000.0,4909.9,31336900.0,1.6695,1903.5
United Kingdom,GBR,,1914,5485,2899.17,188942000000.0,34444000,1.89,188.9,Europe,157540250000.0,4965.5,31646250.0,1.6905000000000001,1904.5
United Kingdom,GBR,,1915,5722,2899.41,199235000000.0,34818000,1.97,199.2,Europe,161119650000.0,5028.3,31958050.0,1.714,1905.5
United Kingdom,GBR,,1916,5782,2897.0,201400000000.0,34830000,2.00,201.4,Europe,164536750000.0,5087.3,32254000.0,1.7365000000000002,1906.5
United Kingdom,GBR,,1917,5747,2893.15,200171000000.0,34831000,1.99,200.2,Europe,167794350000.0,5144.6,32528350.0,1.7579999999999998,1907.5
United Kingdom,GBR,,1918,5859,2890.43,203906000000.0,34805000,2.03,203.9,Europe,170903350000.0,5198.0,32789600.0,1.7774999999999999,1908.5
United Kingdom,GBR,,1919,5423,2617.73,187816000000.0,34634000,2.07,187.8,Europe,172931300000.0,5223.05,33025250.0,1.7974999999999999,1909.5
United Kingdom,GBR,,1920,5059,2513.68,176887000000.0,34968000,2.01,176.9,Europe,174407850000.0,5232.45,33261000.0,1.8154999999999997,1910.5
United Kingdom,GBR,,1921,4529,2405.33,159749000000.0,35274000,1.88,159.7,Europe,174853450000.0,5212.4,33495000.0,1.8259999999999998,1911.5
United Kingdom,GBR,,1922,4737,2429.2,168269000000.0,35519000,1.95,168.3,Europe,175604850000.0,5201.35,33725600.0,1.8395,1912.5
United Kingdom,GBR,,1923,4848,2402.84,173294000000.0,35745000,2.02,173.3,Europe,176688700000.0,5200.8,33952750.0,1.8579999999999999,1913.5
United Kingdom,GBR,,1924,5033,2372.44,181514000000.0,36065000,2.12,181.5,Europe,178078700000.0,5208.65,34179900.0,1.8810000000000002,1914.5
United Kingdom,GBR,,1925,5192,2396.13,187945000000.0,36198000,2.17,187.9,Europe,179529450000.0,5218.7,34397600.0,1.9044999999999999,1915.5
United Kingdom,GBR,,1926,5006,2373.69,182123000000.0,36383000,2.11,182.1,Europe,180488450000.0,5215.75,34608200.0,1.924,1916.5
United Kingdom,GBR,,1927,5365,2443.61,196173000000.0,36562000,2.20,196.2,Europe,181944750000.0,5228.2,34803650.0,1.9469999999999998,1917.5
United Kingdom,GBR,,1928,5380,2439.44,197969000000.0,36796000,2.21,198.0,Europe,183818600000.0,5252.8,35001750.0,1.9739999999999998,1918.5
United Kingdom,GBR,,1929,5516,2426.64,203664000000.0,36923000,2.27,203.7,Europe,185783400000.0,5280.85,35189400.0,2.003,1919.5
United Kingdom,GBR,,1930,5437,2418.69,202089000000.0,37172000,2.25,202.1,Europe,187430500000.0,5299.35,35378900.0,2.029,1920.5
United Kingdom,GBR,,1931,5155,2416.73,192757000000.0,37395000,2.13,192.8,Europe,188339000000.0,5298.1,35563450.0,2.0469999999999997,1921.5
United Kingdom,GBR,,1932,5131,2414.92,193013000000.0,37619000,2.12,193.0,Europe,189111650000.0,5292.4,35751800.0,2.063,1922.5
United Kingdom,GBR,,1933,5274,2412.83,199279000000.0,37782000,2.19,199.3,Europe,189809750000.0,5284.0,35938150.0,2.0789999999999997,1923.5
United Kingdom,GBR,,1934,5573,2416.5,211304000000.0,37913000,2.31,211.3,Europe,190927850000.0,5288.4,36111600.0,2.1,1924.5
United Kingdom,GBR,,1935,5754,2430.83,219260000000.0,38107000,2.37,219.3,Europe,191929100000.0,5290.0,36276050.0,2.12,1925.5
United Kingdom,GBR,,1936,5998,2443.85,229862000000.0,38322000,2.45,229.9,Europe,193352200000.0,5300.8,36450650.0,2.1424999999999996,1926.5
United Kingdom,GBR,,1937,6175,2454.33,238059000000.0,38552000,2.52,238.1,Europe,195246600000.0,5322.2,36636700.0,2.169,1927.5
United Kingdom,GBR,,1938,6195,2347.19,240060000000.0,38749000,2.64,240.1,Europe,197054300000.0,5339.0,36833900.0,2.1995,1928.5
United Kingdom,GBR,,1939,6435,2394.09,250785000000.0,38973000,2.69,250.8,Europe,200202750000.0,5389.6,37050850.0,2.2305,1929.5
United Kingdom,GBR,,1940,7012,2440.85,275846000000.0,39339000,2.87,275.8,Europe,205150700000.0,5487.25,37269400.0,2.2735000000000003,1930.5
United Kingdom,GBR,,1941,7665,2431.57,300057000000.0,39145000,3.15,300.1,Europe,212166100000.0,5644.05,37462950.0,2.337,1931.5
United Kingdom,GBR,,1942,7763,2422.17,305632000000.0,39371000,3.20,305.6,Europe,219034250000.0,5795.35,37655550.0,2.3994999999999997,1932.5
United Kingdom,GBR,,1943,7816,2412.78,311082000000.0,39803000,3.24,311.1,Europe,225923650000.0,5943.75,37858450.0,2.4605,1933.5
United Kingdom,GBR,,1944,7440,2402.88,297583000000.0,40000000,3.10,297.6,Europe,231727100000.0,6064.1,38055200.0,2.5095,1934.5
United Kingdom,GBR,,1945,7066,2314.68,284156000000.0,40214000,3.05,284.2,Europe,236537650000.0,6157.8,38256000.0,2.5535,1935.5
United Kingdom,GBR,,1946,6895,2276.11,277347000000.0,40227000,3.03,277.3,Europe,241298850000.0,6252.25,38448200.0,2.5995,1936.5
United Kingdom,GBR,,1947,6757,2200.19,273982000000.0,40549000,3.07,274.0,Europe,245189300000.0,6321.85,38647550.0,2.643,1937.5
United Kingdom,GBR,,1948,6906,2180.72,282806000000.0,40950000,3.17,282.8,Europe,249431150000.0,6398.15,38855250.0,2.691,1938.5
United Kingdom,GBR,,1949,7098,2170.89,292553000000.0,41214000,3.27,292.6,Europe,253875600000.0,6477.25,39069800.0,2.7409999999999997,1939.5
United Kingdom,GBR,,1950,7301,2183.96,302432000000.0,41421000,3.34,302.4,Europe,258892750000.0,6570.45,39282250.0,2.7954999999999997,1940.5
United Kingdom,GBR,,1951,7615,2192.68,313963000000.0,41228000,3.47,314.0,Europe,264953050000.0,6693.45,39473900.0,2.8625,1941.5
United Kingdom,GBR,,1952,7715,2160.87,319153000000.0,41367000,3.57,319.2,Europe,271260050000.0,6822.65,39661300.0,2.9349999999999996,1942.5
United Kingdom,GBR,,1953,8117,2164.8,336989000000.0,41515000,3.75,337.0,Europe,278145550000.0,6964.8,39847950.0,3.013,1943.5
United Kingdom,GBR,,1954,8439,2168.95,351677000000.0,41673000,3.89,351.7,Europe,285164200000.0,7108.1,40035950.0,3.092,1944.5
United Kingdom,GBR,,1955,8732,2167.38,365337000000.0,41838000,4.03,365.3,Europe,292468050000.0,7257.0,40222500.0,3.175,1945.5
United Kingdom,GBR,,1956,8832,2153.8,371470000000.0,42059000,4.10,371.5,Europe,299548450000.0,7398.7,40409350.0,3.2574999999999994,1946.5
United Kingdom,GBR,,1957,8956,2132.27,378804000000.0,42296000,4.20,378.8,Europe,306585700000.0,7537.75,40596550.0,3.3415,1947.5
United Kingdom,GBR,,1958,9033,2102.47,383828000000.0,42494000,4.30,383.8,Europe,313774100000.0,7679.65,40783800.0,3.4244999999999997,1948.5
United Kingdom,GBR,,1959,9350,2112.25,399831000000.0,42763000,4.43,399.8,Europe,321226400000.0,7825.4,40973300.0,3.5115000000000003,1949.5
United Kingdom,GBR,,1960,9855,2103.6,425188000000.0,43146000,4.68,425.2,Europe,328693500000.0,7967.55,41163650.0,3.6019999999999994,1950.5
United Kingdom,GBR,,1961,10027,2066.83,436823000000.0,43566000,4.85,436.8,Europe,335531800000.0,8085.65,41384700.0,3.6870000000000003,1951.5
United Kingdom,GBR,,1962,10041,2029.06,441844000000.0,44006000,4.95,441.8,Europe,342342400000.0,8199.55,41616450.0,3.7745000000000006,1952.5
United Kingdom,GBR,,1963,10463,2020.61,463646000000.0,44311000,5.18,463.6,Europe,349970600000.0,8331.9,41841850.0,3.8714999999999997,1953.5
United Kingdom,GBR,,1964,10965,2020.85,489587000000.0,44648000,5.43,489.6,Europe,359570800000.0,8508.15,42074250.0,3.9880000000000004,1954.5
United Kingdom,GBR,,1965,11123,1997.58,500279000000.0,44979000,5.57,500.3,Europe,370376950000.0,8711.0,42312500.0,4.114,1955.5
United Kingdom,GBR,,1966,11231,1941.62,508385000000.0,45265000,5.78,508.4,Europe,381928850000.0,8927.8,42564400.0,4.2515,1956.5
United Kingdom,GBR,,1967,11475,1929.54,522808000000.0,45562000,5.95,522.8,Europe,394370150000.0,9163.7,42815050.0,4.3955,1957.5
United Kingdom,GBR,,1968,12046,1922.22,551593000000.0,45791000,6.27,551.6,Europe,407809500000.0,9420.7,43057100.0,4.5505,1958.5
United Kingdom,GBR,,1969,12224,1912.62,562496000000.0,46014000,6.39,562.5,Europe,421306650000.0,9677.0,43297100.0,4.7065,1959.5
United Kingdom,GBR,,1970,12522,1870.91,578087000000.0,46167000,6.69,578.1,Europe,435089400000.0,9938.05,43534400.0,4.874,1960.5
United Kingdom,GBR,,1971,12896,1830.16,598523000000.0,46412000,7.05,598.5,Europe,449317400000.0,10202.1,43793600.0,5.052999999999999,1961.5
United Kingdom,GBR,,1972,13384,1851.35,623323000000.0,46572000,7.23,623.3,Europe,464525900000.0,10485.55,44053850.0,5.236,1962.5
United Kingdom,GBR,,1973,14215,1860.25,663649000000.0,46686000,7.64,663.6,Europe,480858900000.0,10790.45,44312400.0,5.4305,1963.5
United Kingdom,GBR,,1974,13858,1845.31,646956000000.0,46683000,7.51,647.0,Europe,495622850000.0,11061.4,44562900.0,5.6115,1964.5
United Kingdom,GBR,,1975,13649,1814.07,637048000000.0,46674000,7.52,637.0,Europe,509208400000.0,11307.25,44804700.0,5.786,1965.5
United Kingdom,GBR,,1976,14046,1807.02,655374000000.0,46660000,7.77,655.4,Europe,523403600000.0,11567.95,45034750.0,5.9695,1966.5
United Kingdom,GBR,,1977,14392,1816.93,671224000000.0,46640000,7.92,671.2,Europe,538024600000.0,11839.75,45251950.0,6.1555,1967.5
United Kingdom,GBR,,1978,14989,1818.04,699077000000.0,46638000,8.24,699.1,Europe,553787050000.0,12137.55,45459150.0,6.352500000000001,1968.5
United Kingdom,GBR,,1979,15523,1815.5,724874000000.0,46698000,8.55,724.9,Europe,570039200000.0,12446.2,45655900.0,6.5584999999999996,1969.5
United Kingdom,GBR,,1980,15170,1785.32,709767000000.0,46787000,8.50,709.8,Europe,584268150000.0,12711.95,45837950.0,6.7495,1970.5
United Kingdom,GBR,,1981,15034,1749.09,703930000000.0,46821000,8.60,703.9,Europe,597623500000.0,12962.3,46000700.0,6.937,1971.5
United Kingdom,GBR,,1982,15360,1745.41,718494000000.0,46777000,8.80,718.5,Europe,611456000000.0,13228.25,46139250.0,7.1295,1972.5
United Kingdom,GBR,,1983,16004,1739.55,749210000000.0,46814000,9.20,749.2,Europe,625734200000.0,13505.3,46264400.0,7.330499999999999,1973.5
United Kingdom,GBR,,1984,16342,1745.74,766651000000.0,46912000,9.36,766.7,Europe,639587400000.0,13774.15,46377600.0,7.527000000000001,1974.5
United Kingdom,GBR,,1985,16983,1748.09,799170000000.0,47057000,9.72,799.2,Europe,654531950000.0,14067.15,46481500.0,7.7345,1975.5
United Kingdom,GBR,,1986,17479,1742.74,824801000000.0,47188000,10.03,824.8,Europe,670352750000.0,14379.55,46577650.0,7.947000000000001,1976.5
United Kingdom,GBR,,1987,18382,1747.55,869460000000.0,47300000,10.52,869.5,Europe,687685350000.0,14724.9,46664550.0,8.1755,1977.5
United Kingdom,GBR,,1988,19410,1754.71,920259000000.0,47412000,11.06,920.3,Europe,706118650000.0,15093.1,46745600.0,8.415,1978.5
United Kingdom,GBR,,1989,19863,1758.56,944522000000.0,47553000,11.29,944.5,Europe,725219950000.0,15475.05,46822550.0,8.66,1979.5
United Kingdom,GBR,,1990,19954,1745.93,951790000000.0,47699000,11.43,951.8,Europe,743905100000.0,15846.65,46899150.0,8.897,1980.5
United Kingdom,GBR,,1991,19669,1720.5,941631000000.0,47875000,11.43,941.6,Europe,761060500000.0,16185.3,46972300.0,9.116,1981.5
United Kingdom,GBR,,1992,19672,1714.32,944232000000.0,47998000,11.48,944.2,Europe,777105950000.0,16499.7,47043600.0,9.3285,1982.5
United Kingdom,GBR,,1993,20105,1710.32,967096000000.0,48102000,11.76,967.1,Europe,792278300000.0,16794.2,47114400.0,9.5345,1983.5
United Kingdom,GBR,,1994,20814,1720.57,1003827000000.0,48229000,12.10,1003.8,Europe,810121850000.0,17142.0,47191700.0,9.764,1984.5
United Kingdom,GBR,,1995,21250,1722.64,1028125000000.0,48383000,12.34,1028.1,Europe,829675700000.0,17522.05,47277150.0,10.005,1985.5
United Kingdom,GBR,,1996,21712,1722.1,1053444000000.0,48519000,12.61,1053.4,Europe,849579200000.0,17905.35,47370100.0,10.247,1986.5
United Kingdom,GBR,,1997,22305,1721.2,1085474000000.0,48665000,12.96,1085.5,Europe,870291700000.0,18301.0,47471350.0,10.498999999999999,1987.5
United Kingdom,GBR,,1998,23031,1717.03,1124397000000.0,48821000,13.41,1124.4,Europe,891557700000.0,18703.1,47580500.0,10.7575,1988.5
United Kingdom,GBR,,1999,23754,1708.61,1164715000000.0,49033000,13.90,1164.7,Europe,913549750000.0,19114.65,47697250.0,11.025,1989.5
United Kingdom,GBR,,2000,24402,1692.93,1201398000000.0,49233000,14.41,1201.4,Europe,938131300000.0,19576.25,47819550.0,11.3205,1990.5
United Kingdom,GBR,,2001,25021,1695.98,1237291000000.0,49450000,14.75,1237.3,Europe,964799350000.0,20075.6,47951000.0,11.628,1991.5
United Kingdom,GBR,,2002,25550,1678.58,1269281000000.0,49679000,15.22,1269.3,Europe,992338700000.0,20585.1,48096100.0,11.949,1992.5
United Kingdom,GBR,,2003,26341,1669.39,1315119000000.0,49926000,15.78,1315.1,Europe,1020634150000.0,21101.95,48251700.0,12.278,1993.5
United Kingdom,GBR,,2004,26777,1666.7,1344096000000.0,50195000,16.07,1344.1,Europe,1049506400000.0,21623.7,48415850.0,12.613499999999998,1994.5
United Kingdom,GBR,,2005,27284,1669.73,1380757000000.0,50606000,16.34,1380.8,Europe,1078585750000.0,22138.75,48593300.0,12.9445,1995.5
United Kingdom,GBR,,2006,27669,1663.99,1410161000000.0,50965000,16.63,1410.2,Europe,1107853750000.0,22648.25,48782150.0,13.2745,1996.5
United Kingdom,GBR,,2007,28237,1665.84,1450845000000.0,51381000,16.95,1450.8,Europe,1136923000000.0,23141.0,48986200.0,13.596,1997.5
United Kingdom,GBR,,2008,27766,1660.46,1438728000000.0,51816000,16.72,1438.7,Europe,1162846450000.0,23558.8,49206400.0,13.879,1998.5
United Kingdom,GBR,,2009,26453,1638.34,1380762000000.0,52196000,16.15,1380.8,Europe,1184658450000.0,23888.3,49438550.0,14.122,1999.5
United Kingdom,GBR,,2010,26775,1643.2,1409477000000.0,52642000,16.29,1409.5,Europe,1207542800000.0,24229.35,49685700.0,14.364999999999998,2000.5
United Kingdom,GBR,,2011,26915,1641.33,1429366000000.0,53107000,16.40,1429.4,Europe,1231929550000.0,24591.65,49947300.0,14.613500000000002,2001.5
United Kingdom,GBR,,2012,27206,1655.09,1455375000000.0,53494000,16.44,1455.4,Europe,1257486700000.0,24968.35,50222100.0,14.861500000000001,2002.5
United Kingdom,GBR,,2013,27544,1665.88,1483697000000.0,53866000,16.53,1483.7,Europe,1283316750000.0,25340.3,50510300.0,15.1,2003.5
United Kingdom,GBR,,2014,28257,1672.25,1534814000000.0,54317000,16.90,1534.8,Europe,1309866100000.0,25712.45,50814700.0,15.34,2004.5
United Kingdom,GBR,,2015,28693,1669.06,1571982000000.0,54786000,17.19,1572.0,Europe,1337058950000.0,26084.6,51134850.0,15.582500000000001,2005.5
United Kingdom,GBR,,2016,28982,1668.39,1600372000000.0,55219000,17.37,1600.4,Europe,1364405350000.0,26448.1,51469850.0,15.820500000000001,2006.5
